USE unm_buddy;

INSERT INTO role VALUES 
(1, "Admin"),
(2, "Lecturer"),
(3, "Student"),
(4, "Applicant");

INSERT INTO address (address_id, address, city, postal_code, state) VALUES (1, '8436 Chinook Court', 'El Paso', '88541', 'Texas');
INSERT INTO address (address_id, address, city, postal_code, state) VALUES (2, '6 Nelson Circle', 'Seattle', '98175', 'Washington');
INSERT INTO address (address_id, address, city, postal_code, state) VALUES (3, '6143 Tennessee Park', 'Rochester', '14609', 'New York');
INSERT INTO address (address_id, address, city, postal_code, state) VALUES (4, '6011 Roth Trail', 'Duluth', '55811', 'Minnesota');
INSERT INTO address (address_id, address, city, postal_code, state) VALUES (5, '34997 Karstens Park', 'Saint Paul', '55172', 'Minnesota');
INSERT INTO address (address_id, address, city, postal_code, state) VALUES (6, '096 Fulton Lane', 'Greenville', '29610', 'South Carolina');
INSERT INTO address (address_id, address, city, postal_code, state) VALUES (7, '9 Oak Pass', 'Littleton', '80161', 'Colorado');
INSERT INTO address (address_id, address, city, postal_code, state) VALUES (8, '6960 Pennsylvania Circle', 'Tucson', '85725', 'Arizona');
INSERT INTO address (address_id, address, city, postal_code, state) VALUES (9, '68 Anderson Plaza', 'Washington', '20404', 'District of Columbia');
INSERT INTO address (address_id, address, city, postal_code, state) VALUES (10, '20803 Northridge Crossing', 'Roanoke', '24034', 'Virginia');
INSERT INTO address (address_id, address, city, postal_code, state) VALUES (11, '70040 Scott Hill', 'Boca Raton', '33499', 'Florida');
INSERT INTO address (address_id, address, city, postal_code, state) VALUES (12, '3360 Hollow Ridge Pass', 'Pittsburgh', '15286', 'Pennsylvania');
INSERT INTO address (address_id, address, city, postal_code, state) VALUES (13, '9070 Hermina Crossing', 'Tampa', '33605', 'Florida');
INSERT INTO address (address_id, address, city, postal_code, state) VALUES (14, '8131 Red Cloud Terrace', 'Jamaica', '11436', 'New York');
INSERT INTO address (address_id, address, city, postal_code, state) VALUES (15, '390 Garrison Crossing', 'Atlanta', '31196', 'Georgia');
INSERT INTO address (address_id, address, city, postal_code, state) VALUES (16, '741 Bartillon Place', 'Houston', '77080', 'Texas');
INSERT INTO address (address_id, address, city, postal_code, state) VALUES (17, '97020 Declaration Way', 'Indianapolis', '46221', 'Indiana');
INSERT INTO address (address_id, address, city, postal_code, state) VALUES (18, '53852 Judy Road', 'Portland', '97201', 'Oregon');
INSERT INTO address (address_id, address, city, postal_code, state) VALUES (19, '89 Manufacturers Pass', 'Denver', '80279', 'Colorado');
INSERT INTO address (address_id, address, city, postal_code, state) VALUES (20, '7335 Sommers Pass', 'Flushing', '11388', 'New York');
INSERT INTO address (address_id, address, city, postal_code, state) VALUES (21, '334 New Castle Street', 'Mesa', '85210', 'Arizona');
INSERT INTO address (address_id, address, city, postal_code, state) VALUES (22, '1978 Moland Avenue', 'Lexington', '40515', 'Kentucky');
INSERT INTO address (address_id, address, city, postal_code, state) VALUES (23, '83686 Independence Street', 'Memphis', '38181', 'Tennessee');
INSERT INTO address (address_id, address, city, postal_code, state) VALUES (24, '66 Judy Junction', 'Richmond', '23272', 'Virginia');
INSERT INTO address (address_id, address, city, postal_code, state) VALUES (25, '7904 Manitowish Junction', 'Fresno', '93778', 'California');
INSERT INTO address (address_id, address, city, postal_code, state) VALUES (26, '2 Dwight Place', 'Aurora', '80045', 'Colorado');
INSERT INTO address (address_id, address, city, postal_code, state) VALUES (27, '2255 Hanover Street', 'San Francisco', '94159', 'California');
INSERT INTO address (address_id, address, city, postal_code, state) VALUES (28, '313 Ramsey Center', 'Hartford', '06145', 'Connecticut');
INSERT INTO address (address_id, address, city, postal_code, state) VALUES (29, '866 Loftsgordon Parkway', 'Delray Beach', '33448', 'Florida');
INSERT INTO address (address_id, address, city, postal_code, state) VALUES (30, '76 Pleasure Pass', 'Bronx', '10469', 'New York');
INSERT INTO address (address_id, address, city, postal_code, state) VALUES (31, '6139 Moose Plaza', 'San Jose', '95138', 'California');
INSERT INTO address (address_id, address, city, postal_code, state) VALUES (32, '4173 3rd Lane', 'Chicago', '60630', 'Illinois');
INSERT INTO address (address_id, address, city, postal_code, state) VALUES (33, '59 Elgar Lane', 'Houston', '77095', 'Texas');
INSERT INTO address (address_id, address, city, postal_code, state) VALUES (34, '1 Loomis Point', 'El Paso', '79945', 'Texas');
INSERT INTO address (address_id, address, city, postal_code, state) VALUES (35, '76 Knutson Park', 'Louisville', '40220', 'Kentucky');
INSERT INTO address (address_id, address, city, postal_code, state) VALUES (36, '685 Packers Park', 'Columbus', '31904', 'Georgia');
INSERT INTO address (address_id, address, city, postal_code, state) VALUES (37, '15127 Grover Park', 'Orange', '92862', 'California');
INSERT INTO address (address_id, address, city, postal_code, state) VALUES (38, '50522 Basil Alley', 'Panama City', '32405', 'Florida');
INSERT INTO address (address_id, address, city, postal_code, state) VALUES (39, '2490 Hanover Pass', 'Cleveland', '44177', 'Ohio');
INSERT INTO address (address_id, address, city, postal_code, state) VALUES (40, '322 Truax Way', 'Dallas', '75353', 'Texas');
INSERT INTO address (address_id, address, city, postal_code, state) VALUES (41, '8 Spohn Alley', 'Wichita', '67230', 'Kansas');
INSERT INTO address (address_id, address, city, postal_code, state) VALUES (42, '61827 Lunder Alley', 'Montgomery', '36177', 'Alabama');
INSERT INTO address (address_id, address, city, postal_code, state) VALUES (43, '669 Corscot Court', 'Huntington', '25770', 'West Virginia');
INSERT INTO address (address_id, address, city, postal_code, state) VALUES (44, '67624 Golf Course Way', 'Peoria', '85383', 'Arizona');
INSERT INTO address (address_id, address, city, postal_code, state) VALUES (45, '25867 Karstens Circle', 'Norfolk', '23551', 'Virginia');
INSERT INTO address (address_id, address, city, postal_code, state) VALUES (46, '680 Rowland Alley', 'Dallas', '75246', 'Texas');
INSERT INTO address (address_id, address, city, postal_code, state) VALUES (47, '5958 Mayer Park', 'Mobile', '36622', 'Alabama');
INSERT INTO address (address_id, address, city, postal_code, state) VALUES (48, '31402 Quincy Plaza', 'Honolulu', '96840', 'Hawaii');
INSERT INTO address (address_id, address, city, postal_code, state) VALUES (49, '64749 Karstens Point', 'Winston Salem', '27157', 'North Carolina');
INSERT INTO address (address_id, address, city, postal_code, state) VALUES (50, '118 Lindbergh Crossing', 'Largo', '33777', 'Florida');

INSERT INTO emergency_contact (contact_id, name, relationship, email, phone_number) VALUES (1, 'Bennie Kenelin', 'Female', 'bkenelin0@unicef.org', '264-837-5594');
INSERT INTO emergency_contact (contact_id, name, relationship, email, phone_number) VALUES (2, 'Renaldo Layzell', 'Male', 'rlayzell1@engadget.com', '939-376-8146');
INSERT INTO emergency_contact (contact_id, name, relationship, email, phone_number) VALUES (3, 'Wileen Bolt', 'Female', 'wbolt2@a8.net', '513-178-4752');
INSERT INTO emergency_contact (contact_id, name, relationship, email, phone_number) VALUES (4, 'Cornela Whorlton', 'Male', 'cwhorlton3@trellian.com', '362-180-1854');
INSERT INTO emergency_contact (contact_id, name, relationship, email, phone_number) VALUES (5, 'Sheilakathryn Hitzmann', 'Male', 'shitzmann4@sbwire.com', '609-907-1864');
INSERT INTO emergency_contact (contact_id, name, relationship, email, phone_number) VALUES (6, 'Emmalee Oxlee', 'Male', 'eoxlee5@elpais.com', '712-665-9942');
INSERT INTO emergency_contact (contact_id, name, relationship, email, phone_number) VALUES (7, 'Nat Comiam', 'Female', 'ncomiam6@hibu.com', '311-858-9037');
INSERT INTO emergency_contact (contact_id, name, relationship, email, phone_number) VALUES (8, 'Anabel Swanne', 'Female', 'aswanne7@imgur.com', '171-270-4494');
INSERT INTO emergency_contact (contact_id, name, relationship, email, phone_number) VALUES (9, 'Myrwyn Davioud', 'Female', 'mdavioud8@army.mil', '402-712-6041');
INSERT INTO emergency_contact (contact_id, name, relationship, email, phone_number) VALUES (10, 'Minnaminnie Molnar', 'Male', 'mmolnar9@unesco.org', '420-692-5944');
INSERT INTO emergency_contact (contact_id, name, relationship, email, phone_number) VALUES (11, 'Alfie Balharrie', 'Male', 'abalharriea@t-online.de', '486-944-1802');
INSERT INTO emergency_contact (contact_id, name, relationship, email, phone_number) VALUES (12, 'Byran Sumsion', 'Female', 'bsumsionb@stumbleupon.com', '975-628-6678');
INSERT INTO emergency_contact (contact_id, name, relationship, email, phone_number) VALUES (13, 'Corrinne Templeman', 'Female', 'ctemplemanc@homestead.com', '746-681-7770');
INSERT INTO emergency_contact (contact_id, name, relationship, email, phone_number) VALUES (14, 'Nola Greenhowe', 'Male', 'ngreenhowed@webs.com', '581-667-4586');
INSERT INTO emergency_contact (contact_id, name, relationship, email, phone_number) VALUES (15, 'Eldin Layzell', 'Male', 'elayzelle@craigslist.org', '517-849-5339');
INSERT INTO emergency_contact (contact_id, name, relationship, email, phone_number) VALUES (16, 'Corrine Buggs', 'Male', 'cbuggsf@va.gov', '153-704-9358');
INSERT INTO emergency_contact (contact_id, name, relationship, email, phone_number) VALUES (17, 'Lelia Bubbear', 'Female', 'lbubbearg@phoca.cz', '423-792-3735');
INSERT INTO emergency_contact (contact_id, name, relationship, email, phone_number) VALUES (18, 'Berkeley Caherny', 'Male', 'bcahernyh@hatena.ne.jp', '825-805-9111');
INSERT INTO emergency_contact (contact_id, name, relationship, email, phone_number) VALUES (19, 'Rollins Pochet', 'Female', 'rpocheti@deviantart.com', '477-568-9548');
INSERT INTO emergency_contact (contact_id, name, relationship, email, phone_number) VALUES (20, 'Terencio Avramovsky', 'Female', 'tavramovskyj@bloomberg.com', '752-466-3250');
INSERT INTO emergency_contact (contact_id, name, relationship, email, phone_number) VALUES (21, 'Ned Bellows', 'Male', 'nbellowsk@cocolog-nifty.com', '813-565-9135');
INSERT INTO emergency_contact (contact_id, name, relationship, email, phone_number) VALUES (22, 'Vernor McDougal', 'Male', 'vmcdougall@state.gov', '518-285-0321');
INSERT INTO emergency_contact (contact_id, name, relationship, email, phone_number) VALUES (23, 'Diannne Pettyfer', 'Male', 'dpettyferm@skype.com', '441-236-7467');
INSERT INTO emergency_contact (contact_id, name, relationship, email, phone_number) VALUES (24, 'Erich Gauld', 'Male', 'egauldn@ycombinator.com', '592-428-8467');
INSERT INTO emergency_contact (contact_id, name, relationship, email, phone_number) VALUES (25, 'Caryl O''Hartnedy', 'Male', 'cohartnedyo@zdnet.com', '367-297-3316');
INSERT INTO emergency_contact (contact_id, name, relationship, email, phone_number) VALUES (26, 'Marje Suddock', 'Female', 'msuddockp@123-reg.co.uk', '433-612-8327');
INSERT INTO emergency_contact (contact_id, name, relationship, email, phone_number) VALUES (27, 'Shalne Baudinot', 'Female', 'sbaudinotq@uiuc.edu', '680-736-3945');
INSERT INTO emergency_contact (contact_id, name, relationship, email, phone_number) VALUES (28, 'Shaun Warin', 'Male', 'swarinr@archive.org', '770-101-8693');
INSERT INTO emergency_contact (contact_id, name, relationship, email, phone_number) VALUES (29, 'Lorilee Kubista', 'Male', 'lkubistas@php.net', '385-692-5148');
INSERT INTO emergency_contact (contact_id, name, relationship, email, phone_number) VALUES (30, 'Yoshiko Borsi', 'Female', 'yborsit@yahoo.co.jp', '198-883-7021');
INSERT INTO emergency_contact (contact_id, name, relationship, email, phone_number) VALUES (31, 'Estrella Matteris', 'Male', 'ematterisu@cmu.edu', '186-961-7832');
INSERT INTO emergency_contact (contact_id, name, relationship, email, phone_number) VALUES (32, 'Sibley Roke', 'Female', 'srokev@quantcast.com', '611-932-9073');
INSERT INTO emergency_contact (contact_id, name, relationship, email, phone_number) VALUES (33, 'Colet Jaan', 'Male', 'cjaanw@slate.com', '935-448-2604');
INSERT INTO emergency_contact (contact_id, name, relationship, email, phone_number) VALUES (34, 'Nanete Bernadzki', 'Male', 'nbernadzkix@edublogs.org', '883-933-0551');
INSERT INTO emergency_contact (contact_id, name, relationship, email, phone_number) VALUES (35, 'Lucila Mundall', 'Male', 'lmundally@cisco.com', '847-950-0767');
INSERT INTO emergency_contact (contact_id, name, relationship, email, phone_number) VALUES (36, 'Ailsun Mynott', 'Female', 'amynottz@comsenz.com', '238-909-3183');
INSERT INTO emergency_contact (contact_id, name, relationship, email, phone_number) VALUES (37, 'Dorie Ricker', 'Female', 'dricker10@uol.com.br', '863-507-3399');
INSERT INTO emergency_contact (contact_id, name, relationship, email, phone_number) VALUES (38, 'Elinore Saphin', 'Female', 'esaphin11@omniture.com', '598-980-4304');
INSERT INTO emergency_contact (contact_id, name, relationship, email, phone_number) VALUES (39, 'Alister Witcomb', 'Male', 'awitcomb12@newsvine.com', '883-136-4577');
INSERT INTO emergency_contact (contact_id, name, relationship, email, phone_number) VALUES (40, 'Ermentrude Maffia', 'Female', 'emaffia13@techcrunch.com', '488-865-6548');
INSERT INTO emergency_contact (contact_id, name, relationship, email, phone_number) VALUES (41, 'Maryl Justun', 'Male', 'mjustun14@xing.com', '479-139-5019');
INSERT INTO emergency_contact (contact_id, name, relationship, email, phone_number) VALUES (42, 'Seumas Farragher', 'Male', 'sfarragher15@nba.com', '597-568-3301');
INSERT INTO emergency_contact (contact_id, name, relationship, email, phone_number) VALUES (43, 'Maridel Sumpton', 'Male', 'msumpton16@yolasite.com', '600-280-0021');
INSERT INTO emergency_contact (contact_id, name, relationship, email, phone_number) VALUES (44, 'Hugibert Mathiasen', 'Female', 'hmathiasen17@irs.gov', '585-992-6315');
INSERT INTO emergency_contact (contact_id, name, relationship, email, phone_number) VALUES (45, 'Elmo Danes', 'Male', 'edanes18@blogs.com', '383-274-2572');
INSERT INTO emergency_contact (contact_id, name, relationship, email, phone_number) VALUES (46, 'Lamar Holligan', 'Male', 'lholligan19@nhs.uk', '800-628-3218');
INSERT INTO emergency_contact (contact_id, name, relationship, email, phone_number) VALUES (47, 'Pierson Ellissen', 'Male', 'pellissen1a@trellian.com', '396-853-0433');
INSERT INTO emergency_contact (contact_id, name, relationship, email, phone_number) VALUES (48, 'Boot Chiswell', 'Male', 'bchiswell1b@drupal.org', '519-209-2532');
INSERT INTO emergency_contact (contact_id, name, relationship, email, phone_number) VALUES (49, 'Chrotoem Scawton', 'Male', 'cscawton1c@mapquest.com', '695-333-9106');
INSERT INTO emergency_contact (contact_id, name, relationship, email, phone_number) VALUES (50, 'Merola Clarycott', 'Male', 'mclarycott1d@cocolog-nifty.com', '639-776-4667');

UPDATE emergency_contact
SET relationship = "Father" WHERE relationship = "Male";
UPDATE emergency_contact
SET relationship = "Mother" WHERE relationship = "Female";

INSERT INTO faculty VALUES
(1, "Arts and Social Sciences"),
(2, "Engineering");

INSERT INTO school VALUES
(1, "Business", 1),
(2, "Economics", 1),
(3, "Civil Engineering", 2),
(4, "Chemical Engineering", 2);

INSERT INTO courselevel VALUES
(1, "Foundation"),
(2, "UG"),
(3, "PG"),
(4, "PHD");

INSERT INTO courseintake VALUES
(1, "September"),
(2, "February"),
(3, "April");

INSERT INTO course VALUES
(1, "BBEF2022", "Business Economics and Finance BSc (Hons)", 2, 1, 1, 3, NULL, 1, 2022, 39700),
(2, "MBM2022", "Business and Management MSc", 3, 1, 1, 1, NULL, 1, 2022, 48800),
(3, "FBM2022", "Foundation in Business and Management", 1, 2, 1, 1, NULL, 3, 2022, 17600),
(4, "BEIE2022", "Economics and International Economoics BSc (Hons)", 2, 2, 1, 3, NULL, 1, 2022, 38400),
(5, "FENG2022", "Foundation in Engineering", 1, 4, 2, 1, NULL, 3, 2022, 19800),
(6, "BCVE2022", "Civil Engineering BEng", 1, 3, 2, 3, NULL, 1, 2022, 50400),
(7, "BCHEEE2022", "Chemical Engineering with Environmental Engineering BEng", 2, 3, 2, 3, NULL, 1, 2022, 50400),
(8, "MCHE2022", "Chemical Engineering MSc", 3, 4, 2, 1, 2, 1, 2022, 54900);

INSERT INTO semester VALUES
(1, "Full year"),
(2, "Autumn"),
(3, "Spring"),
(4, "Summer");

INSERT INTO module VALUES
(1, "NUBS1000", "Business Finance", true, 1, 2, 1, 20),
(2, "NUBS2000", "Corporate Finance", true, 1, 3, 2, 20),
(3, "NUBS3000", "Business Ethics and Sustainability", true, 1, 1, 3, 20),
(4, "NUBS3001", "Financial Economies", false, 1, 3, 3, 10),
(5, "NUBS4000", "Managerial Economics", true, 2, 2, 1, 20),
(6, "NUBS4001", "Human Resource Management", false, 2, 3, 1, 10),
(7, "NUBS4002", "Research Methods for Management Studies", true, 2, 3, 1, 20),
(8, "FASS0000", "Computer Basics and Operations Decisions", true, 3, 4, 1, 20),
(9, "FASS0001", "Contemporary Global Issues", true, 3, 2, 1, 20),
(10, "NSE1000", "Introduction to Microeconomics", true, 4, 2, 1, 20),
(11, "NSE2000", "International Trade", true, 4, 2, 2, 20),
(12, "NSE2001", "Development Economics", false, 4, 3, 2, 10),
(13, "NSE3000", "Economic Dissertation", true, 4, 1, 3, 20),
(14, "FOE0000", "Light, Waves and Electrons", true, 5, 4, 1, 20),
(15, "FOE0001", "Mechanics and Matter", true, 5, 2, 1, 20),
(16, "FOE0002", "Programming for Engineers", true, 5, 3, 1, 20),
(17, "DCVE1000", "Geotechnics 1", true, 6, 2, 1, 20),
(18, "DCVE2000", "Fundamentals of Materials", true, 6, 3, 2, 20),
(19, "DCVE3000", "Structural Concrete Design", true, 6, 1, 3, 20),
(20, "DCHE1000", "Chemistry for Engineers", true, 7, 2, 1, 20),
(21, "DCHE2000", "Analytical Measurement", true, 7, 1, 2, 20),
(22, "DCHE3000", "Air Pollution", true, 7, 1, 3, 20),
(23, "DCHE4000", "Group Design Project", true, 8, 1, 1, 20),
(24, "DCHE4001", "Advanced Biochemical Engineering", false, 8, 2, 1, 20);

insert into unm_user (user_id, role_id, first_name, last_name, gender, date_of_birth, personal_email, uni_email, phone_number, picture, username, password, address_id, emergency_contact_id, course_id, active_status) values (1, 3, 'Aloysius', 'Banville', true, '1997-10-28', 'abanville0@tinyurl.com', 'abanville0@shareasale.com', '604-129-3618', 'http://dummyimage.com/119x100.png/cc0000/ffffff', 'gkkddf23', 'Thqf74', 1, 1, 3, true);
insert into unm_user (user_id, role_id, first_name, last_name, gender, date_of_birth, personal_email, uni_email, phone_number, picture, username, password, address_id, emergency_contact_id, course_id, active_status) values (2, 3, 'Shannon', 'Escudier', true, '1996-05-22', 'sescudier1@qq.com', 'sescudier1@linkedin.com', '678-692-0030', 'http://dummyimage.com/170x100.png/5fa2dd/ffffff', 'qlirfh79', '5clPmmrH', 2, 2, 3, true);
insert into unm_user (user_id, role_id, first_name, last_name, gender, date_of_birth, personal_email, uni_email, phone_number, picture, username, password, address_id, emergency_contact_id, course_id, active_status) values (3, 3, 'Rosemary', 'Coils', false, '1998-09-20', 'rcoils2@livejournal.com', 'rcoils2@psu.edu', '176-841-6747', 'http://dummyimage.com/175x100.png/cc0000/ffffff', 'dpjpkg34', '4chG8809C', 3, 3, 4, false);
insert into unm_user (user_id, role_id, first_name, last_name, gender, date_of_birth, personal_email, uni_email, phone_number, picture, username, password, address_id, emergency_contact_id, course_id, active_status) values (4, 4, 'Janith', 'Le Bosse', false, '1997-06-20', 'jlebosse3@symantec.com', 'jlebosse3@technorati.com', '484-200-4909', 'http://dummyimage.com/250x100.png/dddddd/000000', 'wgvade61', '2wuCEp', 4, 4, 6, true);
insert into unm_user (user_id, role_id, first_name, last_name, gender, date_of_birth, personal_email, uni_email, phone_number, picture, username, password, address_id, emergency_contact_id, course_id, active_status) values (5, 3, 'Brade', 'Richardes', true, '2000-06-11', 'brichardes4@mediafire.com', 'brichardes4@eventbrite.com', '918-367-4545', 'http://dummyimage.com/229x100.png/5fa2dd/ffffff', 'zrfsug71', 'LOtP4bLmE6V', 5, 5, 3, true);
insert into unm_user (user_id, role_id, first_name, last_name, gender, date_of_birth, personal_email, uni_email, phone_number, picture, username, password, address_id, emergency_contact_id, course_id, active_status) values (6, 3, 'Karlis', 'Cabane', true, '2003-02-25', 'kcabane5@berkeley.edu', 'kcabane5@facebook.com', '539-403-5423', 'http://dummyimage.com/223x100.png/cc0000/ffffff', 'jdglug18', '7R3UqH', 6, 6, 1, false);
insert into unm_user (user_id, role_id, first_name, last_name, gender, date_of_birth, personal_email, uni_email, phone_number, picture, username, password, address_id, emergency_contact_id, course_id, active_status) values (7, 2, 'Riane', 'Howsin', true, '2001-06-10', 'rhowsin6@goo.gl', 'rhowsin6@admin.ch', '367-373-9997', 'http://dummyimage.com/141x100.png/dddddd/000000', 'dystvz62', 'kpCt7aRasdh', 7, 7, 7, true);
insert into unm_user (user_id, role_id, first_name, last_name, gender, date_of_birth, personal_email, uni_email, phone_number, picture, username, password, address_id, emergency_contact_id, course_id, active_status) values (8, 3, 'Finley', 'Conti', false, '1998-08-14', 'fconti7@discuz.net', 'fconti7@nature.com', '736-781-8466', 'http://dummyimage.com/188x100.png/cc0000/ffffff', 'hvpnqh81', 'HcgxRLt', 8, 8, 1, false);
insert into unm_user (user_id, role_id, first_name, last_name, gender, date_of_birth, personal_email, uni_email, phone_number, picture, username, password, address_id, emergency_contact_id, course_id, active_status) values (9, 4, 'Hadria', 'Tipper', false, '2002-07-27', 'htipper8@infoseek.co.jp', 'htipper8@wired.com', '880-477-8921', 'http://dummyimage.com/157x100.png/cc0000/ffffff', 'seeiih65', 'YQ2Wf48KSj', 9, 9, 4, true);
insert into unm_user (user_id, role_id, first_name, last_name, gender, date_of_birth, personal_email, uni_email, phone_number, picture, username, password, address_id, emergency_contact_id, course_id, active_status) values (10, 3, 'Windy', 'Whitemarsh', true, '2003-02-19', 'wwhitemarsh9@nyu.edu', 'wwhitemarsh9@army.mil', '352-399-3675', 'http://dummyimage.com/136x100.png/ff4444/ffffff', 'isfipa72', '3Ky2R2l', 10, 10, 7, true);
insert into unm_user (user_id, role_id, first_name, last_name, gender, date_of_birth, personal_email, uni_email, phone_number, picture, username, password, address_id, emergency_contact_id, course_id, active_status) values (11, 3, 'Hamilton', 'Mepsted', false, '1998-08-25', 'hmepsteda@usatoday.com', 'hmepsteda@opensource.org', '503-885-2242', 'http://dummyimage.com/191x100.png/cc0000/ffffff', 'lgmucn77', 'CiEFjjxl', 11, 11, 4, false);
insert into unm_user (user_id, role_id, first_name, last_name, gender, date_of_birth, personal_email, uni_email, phone_number, picture, username, password, address_id, emergency_contact_id, course_id, active_status) values (12, 4, 'Grete', 'Rittelmeyer', false, '1997-11-27', 'grittelmeyerb@hibu.com', 'grittelmeyerb@freewebs.com', '177-984-7180', 'http://dummyimage.com/166x100.png/dddddd/000000', 'drerwx03', 'LszBmVBDJaR', 12, 12, 1, true);
insert into unm_user (user_id, role_id, first_name, last_name, gender, date_of_birth, personal_email, uni_email, phone_number, picture, username, password, address_id, emergency_contact_id, course_id, active_status) values (13, 4, 'Jandy', 'Scarborough', true, '1998-07-22', 'jscarboroughc@g.co', 'jscarboroughc@hubpages.com', '275-415-3552', 'http://dummyimage.com/149x100.png/ff4444/ffffff', 'esovao72', '9drvEGgcnJD', 13, 13, 4, true);
insert into unm_user (user_id, role_id, first_name, last_name, gender, date_of_birth, personal_email, uni_email, phone_number, picture, username, password, address_id, emergency_contact_id, course_id, active_status) values (14, 3, 'Haroun', 'Vickar', false, '1999-03-12', 'hvickard@lycos.com', 'hvickard@europa.eu', '111-208-0982', 'http://dummyimage.com/186x100.png/ff4444/ffffff', 'cafjkh08', 'buioEAwUPK95', 14, 14, 2, true);
insert into unm_user (user_id, role_id, first_name, last_name, gender, date_of_birth, personal_email, uni_email, phone_number, picture, username, password, address_id, emergency_contact_id, course_id, active_status) values (15, 1, 'Lea', 'Cohan', true, '1998-09-18', 'lcohane@topsy.com', 'lcohane@arstechnica.com', '595-780-9175', 'http://dummyimage.com/241x100.png/ff4444/ffffff', 'oxztax63', '6F9wxRAD', 15, 15, 8, true);
insert into unm_user (user_id, role_id, first_name, last_name, gender, date_of_birth, personal_email, uni_email, phone_number, picture, username, password, address_id, emergency_contact_id, course_id, active_status) values (16, 3, 'Arlena', 'Liddall', true, '1996-12-07', 'aliddallf@fastcompany.com', 'aliddallf@addthis.com', '747-591-7763', 'http://dummyimage.com/209x100.png/cc0000/ffffff', 'avwyez93', 'v5Idjz', 16, 16, 7, true);
insert into unm_user (user_id, role_id, first_name, last_name, gender, date_of_birth, personal_email, uni_email, phone_number, picture, username, password, address_id, emergency_contact_id, course_id, active_status) values (17, 2, 'Ynes', 'Ronci', true, '2003-06-12', 'yroncig@cisco.com', 'yroncig@mac.com', '946-345-9432', 'http://dummyimage.com/148x100.png/5fa2dd/ffffff', 'rrpffd25', 'KUiVK0IPyv', 17, 17, 1, false);
insert into unm_user (user_id, role_id, first_name, last_name, gender, date_of_birth, personal_email, uni_email, phone_number, picture, username, password, address_id, emergency_contact_id, course_id, active_status) values (18, 4, 'Nels', 'Jobbins', false, '1996-07-21', 'njobbinsh@boston.com', 'njobbinsh@angelfire.com', '175-892-4294', 'http://dummyimage.com/124x100.png/dddddd/000000', 'kyckjl24', 'rrXE0g', 18, 18, 7, false);
insert into unm_user (user_id, role_id, first_name, last_name, gender, date_of_birth, personal_email, uni_email, phone_number, picture, username, password, address_id, emergency_contact_id, course_id, active_status) values (19, 4, 'Haroun', 'Snoddin', false, '1997-01-06', 'hsnoddini@youku.com', 'hsnoddini@auda.org.au', '828-383-1985', 'http://dummyimage.com/157x100.png/cc0000/ffffff', 'jdbzlq83', 'LiRsZ546Hq', 19, 19, 6, false);
insert into unm_user (user_id, role_id, first_name, last_name, gender, date_of_birth, personal_email, uni_email, phone_number, picture, username, password, address_id, emergency_contact_id, course_id, active_status) values (20, 3, 'Romonda', 'Cogman', false, '1998-10-02', 'rcogmanj@washingtonpost.com', 'rcogmanj@java.com', '960-621-2742', 'http://dummyimage.com/164x100.png/ff4444/ffffff', 'yzsntf24', 'TkAyAg1uzvdA', 20, 20, 4, true);
insert into unm_user (user_id, role_id, first_name, last_name, gender, date_of_birth, personal_email, uni_email, phone_number, picture, username, password, address_id, emergency_contact_id, course_id, active_status) values (21, 3, 'Oswell', 'Kopps', true, '2002-02-27', 'okoppsk@mozilla.org', 'okoppsk@hp.com', '922-919-3983', 'http://dummyimage.com/212x100.png/ff4444/ffffff', 'ytdveg38', 'UukWBlsc', 21, 21, 7, false);
insert into unm_user (user_id, role_id, first_name, last_name, gender, date_of_birth, personal_email, uni_email, phone_number, picture, username, password, address_id, emergency_contact_id, course_id, active_status) values (22, 3, 'Davida', 'McElroy', false, '2002-04-19', 'dmcelroyl@bing.com', 'dmcelroyl@accuweather.com', '350-409-0364', 'http://dummyimage.com/108x100.png/dddddd/000000', 'durrzu23', 'oJWQR1JKdF', 22, 22, 2, false);
insert into unm_user (user_id, role_id, first_name, last_name, gender, date_of_birth, personal_email, uni_email, phone_number, picture, username, password, address_id, emergency_contact_id, course_id, active_status) values (23, 2, 'Hynda', 'Hairsine', true, '1998-04-29', 'hhairsinem@sun.com', 'hhairsinem@gov.uk', '951-357-4188', 'http://dummyimage.com/200x100.png/5fa2dd/ffffff', 'xhvfyt35', 'NLWfPmRO4y', 23, 23, 8, true);
insert into unm_user (user_id, role_id, first_name, last_name, gender, date_of_birth, personal_email, uni_email, phone_number, picture, username, password, address_id, emergency_contact_id, course_id, active_status) values (24, 3, 'Aidan', 'Gammack', true, '1998-12-07', 'agammackn@icq.com', 'agammackn@pcworld.com', '767-165-4695', 'http://dummyimage.com/195x100.png/cc0000/ffffff', 'zpipbb68', '9cqc9uTMMS', 24, 24, 5, false);
insert into unm_user (user_id, role_id, first_name, last_name, gender, date_of_birth, personal_email, uni_email, phone_number, picture, username, password, address_id, emergency_contact_id, course_id, active_status) values (25, 3, 'Garret', 'Cakes', false, '2003-12-01', 'gcakeso@nsw.gov.au', 'gcakeso@narod.ru', '521-700-1120', 'http://dummyimage.com/206x100.png/cc0000/ffffff', 'stgoom63', 'VLToghkvgEjL', 25, 25, 3, true);

UPDATE unm_user
SET uni_email = NULL WHERE role_id = 4;
UPDATE unm_user
SET active_status = NULL WHERE role_id = 4; 
UPDATE unm_user
SET course_id = NULL WHERE role_id = 1;

INSERT INTO user_module VALUES
(1, 8),
(1, 9),
(2, 8),
(2, 9),
(5, 8),
(5, 9),
(25, 8),
(25, 9),
(3, 10),
(3, 11),
(3, 12),
(3, 13),
(11, 10),
(11, 11),
(11, 13),
(20, 10),
(20, 11),
(20, 12),
(20, 13),
(6, 1),
(6, 2),
(6, 3),
(6, 4),
(8, 1),
(8, 2),
(8, 3),
(10, 20),
(10, 21),
(10, 22),
(16, 20),
(16, 21),
(16, 22),
(21, 20),
(21, 21),
(21, 22),
(14, 5),
(14, 6),
(14, 7),
(22, 5),
(22, 7),
(24, 14),
(24, 15),
(24, 16);

INSERT INTO submission VALUES
(1, 1, 8, "Test Title", "This is a test description for the purposes of testing so that we can test things out. Test.", 0, false, false, '2022-01-01 00:00:00', '2026-01-01 00:00:00', null, null, null),
(2, 1, 9, "Test Title", "This is a test description for the purposes of testing so that we can test things out. Test.", 0, false, false, '2022-01-01 00:00:00', '2026-01-01 00:00:00', null, null, null),
(3, 2, 8, "Test Title", "This is a test description for the purposes of testing so that we can test things out. Test.", 0, false, false, '2022-01-01 00:00:00', '2026-01-01 00:00:00', null, null, null),
(4, 2, 9, "Test Title", "This is a test description for the purposes of testing so that we can test things out. Test.", 0, false, false, '2022-01-01 00:00:00', '2026-01-01 00:00:00', null, null, null),
(5, 3, 10, "Test Title", "This is a test description for the purposes of testing so that we can test things out. Test.", 0, false, false, '2022-01-01 00:00:00', '2026-01-01 00:00:00', null, null, null),
(6, 3, 11, "Test Title", "This is a test description for the purposes of testing so that we can test things out. Test.", 0, false, false, '2022-01-01 00:00:00', '2026-01-01 00:00:00', null, null, null),
(7, 3, 12, "Test Title", "This is a test description for the purposes of testing so that we can test things out. Test.", 0, false, false, '2022-01-01 00:00:00', '2026-01-01 00:00:00', null, null, null),
(8, 3, 13, "Test Title", "This is a test description for the purposes of testing so that we can test things out. Test.", 0, false, false, '2022-01-01 00:00:00', '2026-01-01 00:00:00', null, null, null),
(9, 5, 8, "Test Title", "This is a test description for the purposes of testing so that we can test things out. Test.", 0, false, false, '2022-01-01 00:00:00', '2026-01-01 00:00:00', null, null, null),
(10, 5, 8, "Test Title", "This is a test description for the purposes of testing so that we can test things out. Test.", 0, false, false, '2022-01-01 00:00:00', '2026-01-01 00:00:00', null, null, null),
(11, 6, 1, "Test Title", "This is a test description for the purposes of testing so that we can test things out. Test.", 0, false, false, '2022-01-01 00:00:00', '2026-01-01 00:00:00', null, null, null),
(12, 6, 2, "Test Title", "This is a test description for the purposes of testing so that we can test things out. Test.", 0, false, false, '2022-01-01 00:00:00', '2026-01-01 00:00:00', null, null, null),
(13, 6, 3, "Test Title", "This is a test description for the purposes of testing so that we can test things out. Test.", 0, false, false, '2022-01-01 00:00:00', '2026-01-01 00:00:00', null, null, null),
(14, 6, 4, "Test Title", "This is a test description for the purposes of testing so that we can test things out. Test.", 0, false, false, '2022-01-01 00:00:00', '2026-01-01 00:00:00', null, null, null),
(15, 8, 1, "Test Title", "This is a test description for the purposes of testing so that we can test things out. Test.", 0, false, false, '2022-01-01 00:00:00', '2026-01-01 00:00:00', null, null, null),
(16, 8, 2, "Test Title", "This is a test description for the purposes of testing so that we can test things out. Test.", 0, false, false, '2022-01-01 00:00:00', '2026-01-01 00:00:00', null, null, null),
(17, 8, 3, "Test Title", "This is a test description for the purposes of testing so that we can test things out. Test.", 0, false, false, '2022-01-01 00:00:00', '2026-01-01 00:00:00', null, null, null),
(18, 10, 20, "Test Title", "This is a test description for the purposes of testing so that we can test things out. Test.", 0, false, false, '2022-01-01 00:00:00', '2026-01-01 00:00:00', null, null, null),
(19, 10, 21, "Test Title", "This is a test description for the purposes of testing so that we can test things out. Test.", 0, false, false, '2022-01-01 00:00:00', '2026-01-01 00:00:00', null, null, null),
(20, 10, 22, "Test Title", "This is a test description for the purposes of testing so that we can test things out. Test.", 0, false, false, '2022-01-01 00:00:00', '2026-01-01 00:00:00', null, null, null),
(21, 11, 10, "Test Title", "This is a test description for the purposes of testing so that we can test things out. Test.", 0, false, false, '2022-01-01 00:00:00', '2026-01-01 00:00:00', null, null, null),
(22, 11, 11, "Test Title", "This is a test description for the purposes of testing so that we can test things out. Test.", 0, false, false, '2022-01-01 00:00:00', '2026-01-01 00:00:00', null, null, null),
(23, 11, 13, "Test Title", "This is a test description for the purposes of testing so that we can test things out. Test.", 0, false, false, '2022-01-01 00:00:00', '2026-01-01 00:00:00', null, null, null),
(24, 14, 5, "Test Title", "This is a test description for the purposes of testing so that we can test things out. Test.", 0, false, false, '2022-01-01 00:00:00', '2026-01-01 00:00:00', null, null, null),
(25, 14, 6, "Test Title", "This is a test description for the purposes of testing so that we can test things out. Test.", 0, false, false, '2022-01-01 00:00:00', '2026-01-01 00:00:00', null, null, null),
(26, 14, 7, "Test Title", "This is a test description for the purposes of testing so that we can test things out. Test.", 0, false, false, '2022-01-01 00:00:00', '2026-01-01 00:00:00', null, null, null),
(27, 16, 20, "Test Title", "This is a test description for the purposes of testing so that we can test things out. Test.", 0, false, false, '2022-01-01 00:00:00', '2026-01-01 00:00:00', null, null, null),
(28, 16, 21, "Test Title", "This is a test description for the purposes of testing so that we can test things out. Test.", 0, false, false, '2022-01-01 00:00:00', '2026-01-01 00:00:00', null, null, null),
(29, 16, 22, "Test Title", "This is a test description for the purposes of testing so that we can test things out. Test.", 0, false, false, '2022-01-01 00:00:00', '2026-01-01 00:00:00', null, null, null),
(30, 20, 10, "Test Title", "This is a test description for the purposes of testing so that we can test things out. Test.", 0, false, false, '2022-01-01 00:00:00', '2026-01-01 00:00:00', null, null, null),
(31, 20, 11, "Test Title", "This is a test description for the purposes of testing so that we can test things out. Test.", 0, false, false, '2022-01-01 00:00:00', '2026-01-01 00:00:00', null, null, null),
(32, 20, 12, "Test Title", "This is a test description for the purposes of testing so that we can test things out. Test.", 0, false, false, '2022-01-01 00:00:00', '2026-01-01 00:00:00', null, null, null),
(33, 20, 13, "Test Title", "This is a test description for the purposes of testing so that we can test things out. Test.", 0, false, false, '2022-01-01 00:00:00', '2026-01-01 00:00:00', null, null, null),
(34, 21, 20, "Test Title", "This is a test description for the purposes of testing so that we can test things out. Test.", 0, false, false, '2022-01-01 00:00:00', '2026-01-01 00:00:00', null, null, null),
(35, 21, 21, "Test Title", "This is a test description for the purposes of testing so that we can test things out. Test.", 0, false, false, '2022-01-01 00:00:00', '2026-01-01 00:00:00', null, null, null),
(36, 21, 22, "Test Title", "This is a test description for the purposes of testing so that we can test things out. Test.", 0, false, false, '2022-01-01 00:00:00', '2026-01-01 00:00:00', null, null, null),
(37, 22, 5, "Test Title", "This is a test description for the purposes of testing so that we can test things out. Test.", 0, false, false, '2022-01-01 00:00:00', '2026-01-01 00:00:00', null, null, null),
(38, 22, 7, "Test Title", "This is a test description for the purposes of testing so that we can test things out. Test.", 0, false, false, '2022-01-01 00:00:00', '2026-01-01 00:00:00', null, null, null),
(39, 24, 14, "Test Title", "This is a test description for the purposes of testing so that we can test things out. Test.", 0, false, false, '2022-01-01 00:00:00', '2026-01-01 00:00:00', null, null, null),
(40, 24, 15, "Test Title", "This is a test description for the purposes of testing so that we can test things out. Test.", 0, false, false, '2022-01-01 00:00:00', '2026-01-01 00:00:00', null, null, null),
(41, 24, 16, "Test Title", "This is a test description for the purposes of testing so that we can test things out. Test.", 0, false, false, '2022-01-01 00:00:00', '2026-01-01 00:00:00', null, null, null),
(42, 25, 8, "Test Title", "This is a test description for the purposes of testing so that we can test things out. Test.", 0, false, false, '2022-01-01 00:00:00', '2026-01-01 00:00:00', null, null, null),
(43, 25, 9, "Test Title", "This is a test description for the purposes of testing so that we can test things out. Test.", 0, false, false, '2022-01-01 00:00:00', '2026-01-01 00:00:00', null, null, null);

UPDATE submission
SET submission_status = true, datetime_submitted = '2022-03-12 18:16:23', file = 'http://unmbuddy.com/test/url/location/file.pdf'
WHERE submission_id = 1;

UPDATE submission
SET submission_status = true, datetime_submitted = '2023-03-19 19:17:24', file = 'http://unmbuddy.com/test/url/location/file.pdf'
WHERE submission_id = 3;

UPDATE submission
SET submission_status = true, datetime_submitted = '2023-03-23 18:16:23', file = 'http://unmbuddy.com/test/url/location/file.pdf'
WHERE submission_id = 5;

UPDATE submission
SET submission_status = true, datetime_submitted = '2022-08-29 13:52:11', file = 'http://unmbuddy.com/test/url/location/file.pdf'
WHERE submission_id = 9;

UPDATE submission
SET submission_status = true, datetime_submitted = '2025-03-12 11:03:23', file = 'http://unmbuddy.com/test/url/location/file.pdf'
WHERE submission_id = 11;

UPDATE submission
SET submission_status = true, datetime_submitted = '2022-03-12 18:16:23', file = 'http://unmbuddy.com/test/url/location/file.pdf'
WHERE submission_id = 15;

UPDATE submission
SET submission_status = true, datetime_submitted = '2022-03-12 18:16:23', file = 'http://unmbuddy.com/test/url/location/file.pdf'
WHERE submission_id = 18;

UPDATE submission
SET submission_status = true, datetime_submitted = '2027-03-12 18:16:23', file = 'http://unmbuddy.com/test/url/location/file.pdf'
WHERE submission_id = 21;

UPDATE submission
SET submission_status = true, datetime_submitted = '2022-03-12 18:16:23', file = 'http://unmbuddy.com/test/url/location/file.pdf'
WHERE submission_id = 24;

UPDATE submission
SET submission_status = true, datetime_submitted = '2022-03-12 18:16:23', file = 'http://unmbuddy.com/test/url/location/file.pdf'
WHERE submission_id = 27;

UPDATE submission
SET submission_status = true, datetime_submitted = '2022-03-12 18:16:23', file = 'http://unmbuddy.com/test/url/location/file.pdf'
WHERE submission_id = 30;

UPDATE submission
SET submission_status = true, datetime_submitted = '2022-03-12 18:16:23', file = 'http://unmbuddy.com/test/url/location/file.pdf'
WHERE submission_id = 34;

UPDATE submission
SET submission_status = true, datetime_submitted = '2022-03-12 18:16:23', file = 'http://unmbuddy.com/test/url/location/file.pdf'
WHERE submission_id = 37;

UPDATE submission
SET submission_status = true, datetime_submitted = '2022-03-12 18:16:23', file = 'http://unmbuddy.com/test/url/location/file.pdf'
WHERE submission_id = 39;

UPDATE submission
SET submission_status = true, datetime_submitted = '2022-03-12 18:16:23', file = 'http://unmbuddy.com/test/url/location/file.pdf'
WHERE submission_id = 42;

INSERT INTO submissionfeedback VALUES
(1, 71, '2026-01-10 00:00:00', 7, "This is a comment for your work that you have submitted. Take this in mind."),
(2, 55, '2026-01-10 00:00:00', 17, "This is a comment for your work that you have submitted. Take this in mind."),
(3, 63, '2026-01-10 00:00:00', 23, "This is a comment for your work that you have submitted. Take this in mind."),
(4, 67, '2026-01-10 00:00:00', 7, "This is a comment for your work that you have submitted. Take this in mind.");

UPDATE submission
SET grading_status = true, feedback_id = 1
WHERE submission_id = 18;

UPDATE submission
SET grading_status = true, feedback_id = 2
WHERE submission_id = 11;

UPDATE submission
SET grading_status = true, feedback_id = 3
WHERE submission_id = 27;

UPDATE submission
SET grading_status = true, feedback_id = 4
WHERE submission_id = 34;

INSERT INTO application VALUES
(1, 4, '2022-07-07', NULL),
(2, 9, '2022-05-23', true),
(3, 12, '2022-05-14', false),
(4, 13, '2022-06-10', NULL),
(5, 18, '2022-06-20', true),
(6, 19, '2022-07-28', true);

insert into document (document_id, user_id, location, name, type, date_uploaded, size) values (1, 20, 'http://dummyimage.com/149x100.png/cc0000/ffffff', 'Potenti.mp3', 'Personal Details', '2022-01-18', 60);
insert into document (document_id, user_id, location, name, type, date_uploaded, size) values (2, 18, 'http://dummyimage.com/202x100.png/ff4444/ffffff', 'CondimentumId.avi', 'Application', '2022-01-04', 14);
insert into document (document_id, user_id, location, name, type, date_uploaded, size) values (3, 6, 'http://dummyimage.com/203x100.png/dddddd/000000', 'Turpis.xls', 'Application', '2021-11-02', 38);
insert into document (document_id, user_id, location, name, type, date_uploaded, size) values (4, 22, 'http://dummyimage.com/188x100.png/cc0000/ffffff', 'HacHabitassePlatea.ppt', 'Application', '2021-03-23', 79);
insert into document (document_id, user_id, location, name, type, date_uploaded, size) values (5, 3, 'http://dummyimage.com/139x100.png/dddddd/000000', 'AliquamAugue.avi', 'Scholarship', '2021-06-11', 67);
insert into document (document_id, user_id, location, name, type, date_uploaded, size) values (6, 11, 'http://dummyimage.com/222x100.png/5fa2dd/ffffff', 'Enim.jpeg', 'Application', '2021-11-25', 98);
insert into document (document_id, user_id, location, name, type, date_uploaded, size) values (7, 10, 'http://dummyimage.com/181x100.png/dddddd/000000', 'TortorEuPede.gif', 'Application', '2022-03-02', 57);
insert into document (document_id, user_id, location, name, type, date_uploaded, size) values (8, 7, 'http://dummyimage.com/192x100.png/ff4444/ffffff', 'IdLigulaSuspendisse.jpeg', 'Application', '2022-02-23', 45);
insert into document (document_id, user_id, location, name, type, date_uploaded, size) values (9, 13, 'http://dummyimage.com/190x100.png/ff4444/ffffff', 'Ultrices.ppt', 'Scholarship', '2022-02-25', 62);
insert into document (document_id, user_id, location, name, type, date_uploaded, size) values (10, 16, 'http://dummyimage.com/132x100.png/dddddd/000000', 'Cras.mp3', 'Application', '2021-06-28', 97);
insert into document (document_id, user_id, location, name, type, date_uploaded, size) values (11, 2, 'http://dummyimage.com/129x100.png/5fa2dd/ffffff', 'Duis.xls', 'Scholarship', '2021-07-03', 15);
insert into document (document_id, user_id, location, name, type, date_uploaded, size) values (12, 8, 'http://dummyimage.com/175x100.png/cc0000/ffffff', 'Ullamcorper.mp3', 'Personal Details', '2021-03-17', 78);
insert into document (document_id, user_id, location, name, type, date_uploaded, size) values (13, 1, 'http://dummyimage.com/201x100.png/ff4444/ffffff', 'VenenatisLacinia.avi', 'Personal Details', '2021-10-21', 48);
insert into document (document_id, user_id, location, name, type, date_uploaded, size) values (14, 23, 'http://dummyimage.com/171x100.png/5fa2dd/ffffff', 'InLacusCurabitur.doc', 'Scholarship', '2021-12-16', 45);
insert into document (document_id, user_id, location, name, type, date_uploaded, size) values (15, 4, 'http://dummyimage.com/216x100.png/5fa2dd/ffffff', 'VulputateVitaeNisl.avi', 'Application', '2021-12-06', 80);
insert into document (document_id, user_id, location, name, type, date_uploaded, size) values (16, 1, 'http://dummyimage.com/119x100.png/5fa2dd/ffffff', 'Ridiculus.pdf', 'Scholarship', '2021-12-20', 70);
insert into document (document_id, user_id, location, name, type, date_uploaded, size) values (17, 14, 'http://dummyimage.com/141x100.png/cc0000/ffffff', 'Viverra.jpeg', 'Application', '2021-11-21', 57);
insert into document (document_id, user_id, location, name, type, date_uploaded, size) values (18, 6, 'http://dummyimage.com/195x100.png/dddddd/000000', 'NonVelitDonec.mp3', 'Application', '2021-12-22', 77);
insert into document (document_id, user_id, location, name, type, date_uploaded, size) values (19, 15, 'http://dummyimage.com/185x100.png/ff4444/ffffff', 'ConsectetuerAdipiscingElit.ppt', 'Application', '2021-12-02', 2);
insert into document (document_id, user_id, location, name, type, date_uploaded, size) values (20, 8, 'http://dummyimage.com/155x100.png/ff4444/ffffff', 'NullaEgetEros.mp3', 'Scholarship', '2021-06-10', 43);
insert into document (document_id, user_id, location, name, type, date_uploaded, size) values (21, 23, 'http://dummyimage.com/167x100.png/cc0000/ffffff', 'PurusSitAmet.xls', 'Application', '2021-03-16', 31);
insert into document (document_id, user_id, location, name, type, date_uploaded, size) values (22, 3, 'http://dummyimage.com/126x100.png/cc0000/ffffff', 'Cum.avi', 'Application', '2021-11-30', 29);
insert into document (document_id, user_id, location, name, type, date_uploaded, size) values (23, 7, 'http://dummyimage.com/100x100.png/5fa2dd/ffffff', 'VivamusVestibulum.doc', 'Application', '2021-08-09', 12);
insert into document (document_id, user_id, location, name, type, date_uploaded, size) values (24, 11, 'http://dummyimage.com/177x100.png/cc0000/ffffff', 'Lacinia.ppt', 'Personal Details', '2022-01-18', 91);
insert into document (document_id, user_id, location, name, type, date_uploaded, size) values (25, 17, 'http://dummyimage.com/235x100.png/dddddd/000000', 'NonInterdum.tiff', 'Scholarship', '2021-10-11', 22);
insert into document (document_id, user_id, location, name, type, date_uploaded, size) values (26, 24, 'http://dummyimage.com/140x100.png/dddddd/000000', 'CrasNon.tiff', 'Scholarship', '2021-07-12', 22);
insert into document (document_id, user_id, location, name, type, date_uploaded, size) values (27, 10, 'http://dummyimage.com/216x100.png/cc0000/ffffff', 'DiamVitae.mp3', 'Personal Details', '2022-01-21', 76);
insert into document (document_id, user_id, location, name, type, date_uploaded, size) values (28, 16, 'http://dummyimage.com/242x100.png/5fa2dd/ffffff', 'AtDolorQuis.tiff', 'Personal Details', '2021-11-04', 90);
insert into document (document_id, user_id, location, name, type, date_uploaded, size) values (29, 23, 'http://dummyimage.com/223x100.png/cc0000/ffffff', 'Cubilia.ppt', 'Personal Details', '2022-02-01', 52);
insert into document (document_id, user_id, location, name, type, date_uploaded, size) values (30, 20, 'http://dummyimage.com/153x100.png/ff4444/ffffff', 'SuscipitNullaElit.mp3', 'Application', '2021-08-27', 80);
insert into document (document_id, user_id, location, name, type, date_uploaded, size) values (31, 9, 'http://dummyimage.com/113x100.png/cc0000/ffffff', 'RisusDapibusAugue.mp3', 'Personal Details', '2021-06-06', 87);
insert into document (document_id, user_id, location, name, type, date_uploaded, size) values (32, 11, 'http://dummyimage.com/106x100.png/cc0000/ffffff', 'MassaTemporConvallis.avi', 'Personal Details', '2021-07-23', 45);
insert into document (document_id, user_id, location, name, type, date_uploaded, size) values (33, 21, 'http://dummyimage.com/223x100.png/dddddd/000000', 'EratNullaTempus.xls', 'Scholarship', '2021-06-02', 58);
insert into document (document_id, user_id, location, name, type, date_uploaded, size) values (34, 4, 'http://dummyimage.com/227x100.png/dddddd/000000', 'Pulvinar.ppt', 'Application', '2022-02-24', 43);
insert into document (document_id, user_id, location, name, type, date_uploaded, size) values (35, 21, 'http://dummyimage.com/207x100.png/cc0000/ffffff', 'Duis.mp3', 'Scholarship', '2021-06-18', 44);
insert into document (document_id, user_id, location, name, type, date_uploaded, size) values (36, 18, 'http://dummyimage.com/194x100.png/cc0000/ffffff', 'LectusIn.pdf', 'Scholarship', '2021-09-27', 8);
insert into document (document_id, user_id, location, name, type, date_uploaded, size) values (37, 15, 'http://dummyimage.com/209x100.png/dddddd/000000', 'Iaculis.mp3', 'Scholarship', '2021-05-16', 71);
insert into document (document_id, user_id, location, name, type, date_uploaded, size) values (38, 20, 'http://dummyimage.com/202x100.png/dddddd/000000', 'ArcuAdipiscingMolestie.ppt', 'Scholarship', '2022-01-20', 21);
insert into document (document_id, user_id, location, name, type, date_uploaded, size) values (39, 1, 'http://dummyimage.com/201x100.png/ff4444/ffffff', 'LacusAt.doc', 'Scholarship', '2021-07-12', 43);
insert into document (document_id, user_id, location, name, type, date_uploaded, size) values (40, 5, 'http://dummyimage.com/215x100.png/dddddd/000000', 'EratNulla.xls', 'Application', '2021-08-23', 81);
insert into document (document_id, user_id, location, name, type, date_uploaded, size) values (41, 24, 'http://dummyimage.com/240x100.png/ff4444/ffffff', 'ParturientMontesNascetur.mp3', 'Scholarship', '2022-01-05', 100);
insert into document (document_id, user_id, location, name, type, date_uploaded, size) values (42, 19, 'http://dummyimage.com/164x100.png/ff4444/ffffff', 'Curabitur.jpeg', 'Application', '2021-12-30', 93);
insert into document (document_id, user_id, location, name, type, date_uploaded, size) values (43, 7, 'http://dummyimage.com/125x100.png/dddddd/000000', 'FelisUtAt.jpeg', 'Personal Details', '2021-05-12', 97);
insert into document (document_id, user_id, location, name, type, date_uploaded, size) values (44, 1, 'http://dummyimage.com/224x100.png/ff4444/ffffff', 'NislUt.png', 'Personal Details', '2021-04-29', 3);
insert into document (document_id, user_id, location, name, type, date_uploaded, size) values (45, 21, 'http://dummyimage.com/230x100.png/ff4444/ffffff', 'AugueVel.ppt', 'Scholarship', '2022-01-24', 92);
insert into document (document_id, user_id, location, name, type, date_uploaded, size) values (46, 23, 'http://dummyimage.com/213x100.png/ff4444/ffffff', 'Id.mpeg', 'Personal Details', '2021-07-02', 84);
insert into document (document_id, user_id, location, name, type, date_uploaded, size) values (47, 4, 'http://dummyimage.com/153x100.png/dddddd/000000', 'Id.mp3', 'Application', '2022-01-31', 59);
insert into document (document_id, user_id, location, name, type, date_uploaded, size) values (48, 1, 'http://dummyimage.com/208x100.png/5fa2dd/ffffff', 'MaurisLaoreetUt.avi', 'Application', '2022-03-04', 63);
insert into document (document_id, user_id, location, name, type, date_uploaded, size) values (49, 4, 'http://dummyimage.com/239x100.png/ff4444/ffffff', 'UrnaUt.ppt', 'Application', '2022-02-14', 83);
insert into document (document_id, user_id, location, name, type, date_uploaded, size) values (50, 7, 'http://dummyimage.com/188x100.png/cc0000/ffffff', 'ElementumLigula.ppt', 'Application', '2021-11-16', 2);
insert into document (document_id, user_id, location, name, type, date_uploaded, size) values (51, 18, 'http://dummyimage.com/207x100.png/5fa2dd/ffffff', 'AccumsanTortorQuis.mp3', 'Scholarship', '2021-03-30', 38);
insert into document (document_id, user_id, location, name, type, date_uploaded, size) values (52, 8, 'http://dummyimage.com/110x100.png/ff4444/ffffff', 'LacusMorbiSem.mp3', 'Application', '2021-09-12', 13);
insert into document (document_id, user_id, location, name, type, date_uploaded, size) values (53, 21, 'http://dummyimage.com/226x100.png/dddddd/000000', 'Neque.xls', 'Scholarship', '2021-10-02', 41);
insert into document (document_id, user_id, location, name, type, date_uploaded, size) values (54, 8, 'http://dummyimage.com/161x100.png/ff4444/ffffff', 'Nibh.mpeg', 'Scholarship', '2021-08-06', 80);
insert into document (document_id, user_id, location, name, type, date_uploaded, size) values (55, 8, 'http://dummyimage.com/228x100.png/dddddd/000000', 'Semper.tiff', 'Application', '2021-08-19', 1);
insert into document (document_id, user_id, location, name, type, date_uploaded, size) values (56, 11, 'http://dummyimage.com/157x100.png/dddddd/000000', 'EuInterdumEu.ppt', 'Personal Details', '2021-12-30', 50);
insert into document (document_id, user_id, location, name, type, date_uploaded, size) values (57, 21, 'http://dummyimage.com/192x100.png/dddddd/000000', 'IpsumAliquam.avi', 'Scholarship', '2021-06-27', 33);
insert into document (document_id, user_id, location, name, type, date_uploaded, size) values (58, 18, 'http://dummyimage.com/116x100.png/cc0000/ffffff', 'ViverraPedeAc.ppt', 'Scholarship', '2021-06-05', 63);
insert into document (document_id, user_id, location, name, type, date_uploaded, size) values (59, 23, 'http://dummyimage.com/125x100.png/dddddd/000000', 'PulvinarLobortisEst.tiff', 'Personal Details', '2022-01-03', 99);
insert into document (document_id, user_id, location, name, type, date_uploaded, size) values (60, 20, 'http://dummyimage.com/186x100.png/cc0000/ffffff', 'Primis.txt', 'Personal Details', '2022-02-07', 35);
insert into document (document_id, user_id, location, name, type, date_uploaded, size) values (61, 16, 'http://dummyimage.com/187x100.png/ff4444/ffffff', 'ViverraDiamVitae.mp3', 'Personal Details', '2022-01-19', 97);
insert into document (document_id, user_id, location, name, type, date_uploaded, size) values (62, 19, 'http://dummyimage.com/192x100.png/dddddd/000000', 'DisParturient.avi', 'Scholarship', '2021-06-26', 39);
insert into document (document_id, user_id, location, name, type, date_uploaded, size) values (63, 17, 'http://dummyimage.com/196x100.png/dddddd/000000', 'DictumstMorbiVestibulum.txt', 'Application', '2021-11-20', 75);
insert into document (document_id, user_id, location, name, type, date_uploaded, size) values (64, 8, 'http://dummyimage.com/142x100.png/5fa2dd/ffffff', 'FaucibusOrci.ppt', 'Scholarship', '2022-03-04', 60);
insert into document (document_id, user_id, location, name, type, date_uploaded, size) values (65, 6, 'http://dummyimage.com/235x100.png/dddddd/000000', 'EtEros.jpeg', 'Application', '2022-03-07', 19);
insert into document (document_id, user_id, location, name, type, date_uploaded, size) values (66, 11, 'http://dummyimage.com/120x100.png/ff4444/ffffff', 'VelAugueVestibulum.avi', 'Application', '2021-07-30', 58);
insert into document (document_id, user_id, location, name, type, date_uploaded, size) values (67, 17, 'http://dummyimage.com/199x100.png/ff4444/ffffff', 'Viverra.mp3', 'Personal Details', '2021-09-21', 74);
insert into document (document_id, user_id, location, name, type, date_uploaded, size) values (68, 13, 'http://dummyimage.com/181x100.png/ff4444/ffffff', 'Nunc.gif', 'Personal Details', '2022-03-09', 19);
insert into document (document_id, user_id, location, name, type, date_uploaded, size) values (69, 13, 'http://dummyimage.com/206x100.png/ff4444/ffffff', 'CongueRisus.mov', 'Application', '2021-11-14', 26);
insert into document (document_id, user_id, location, name, type, date_uploaded, size) values (70, 19, 'http://dummyimage.com/105x100.png/dddddd/000000', 'VulputateElementum.avi', 'Scholarship', '2021-07-31', 70);
insert into document (document_id, user_id, location, name, type, date_uploaded, size) values (71, 21, 'http://dummyimage.com/220x100.png/ff4444/ffffff', 'IpsumAliquam.doc', 'Scholarship', '2022-02-16', 6);
insert into document (document_id, user_id, location, name, type, date_uploaded, size) values (72, 22, 'http://dummyimage.com/150x100.png/cc0000/ffffff', 'VelAugueVestibulum.ppt', 'Personal Details', '2021-11-28', 34);
insert into document (document_id, user_id, location, name, type, date_uploaded, size) values (73, 25, 'http://dummyimage.com/187x100.png/5fa2dd/ffffff', 'PlateaDictumst.gif', 'Scholarship', '2021-04-08', 77);
insert into document (document_id, user_id, location, name, type, date_uploaded, size) values (74, 3, 'http://dummyimage.com/195x100.png/5fa2dd/ffffff', 'Aenean.jpeg', 'Application', '2022-01-04', 55);
insert into document (document_id, user_id, location, name, type, date_uploaded, size) values (75, 7, 'http://dummyimage.com/133x100.png/dddddd/000000', 'Tempus.avi', 'Application', '2021-04-04', 15);
insert into document (document_id, user_id, location, name, type, date_uploaded, size) values (76, 10, 'http://dummyimage.com/210x100.png/dddddd/000000', 'RhoncusSed.xls', 'Personal Details', '2021-10-12', 65);
insert into document (document_id, user_id, location, name, type, date_uploaded, size) values (77, 6, 'http://dummyimage.com/104x100.png/5fa2dd/ffffff', 'Bibendum.avi', 'Application', '2021-03-29', 90);
insert into document (document_id, user_id, location, name, type, date_uploaded, size) values (78, 3, 'http://dummyimage.com/118x100.png/cc0000/ffffff', 'Convallis.mp3', 'Personal Details', '2021-06-18', 80);
insert into document (document_id, user_id, location, name, type, date_uploaded, size) values (79, 4, 'http://dummyimage.com/124x100.png/cc0000/ffffff', 'CondimentumCurabitur.avi', 'Application', '2022-01-17', 90);
insert into document (document_id, user_id, location, name, type, date_uploaded, size) values (80, 10, 'http://dummyimage.com/175x100.png/5fa2dd/ffffff', 'PlateaDictumst.avi', 'Scholarship', '2021-08-04', 17);
insert into document (document_id, user_id, location, name, type, date_uploaded, size) values (81, 14, 'http://dummyimage.com/118x100.png/5fa2dd/ffffff', 'Duis.tiff', 'Application', '2021-03-24', 85);
insert into document (document_id, user_id, location, name, type, date_uploaded, size) values (82, 11, 'http://dummyimage.com/216x100.png/cc0000/ffffff', 'Maecenas.ppt', 'Application', '2021-07-26', 96);
insert into document (document_id, user_id, location, name, type, date_uploaded, size) values (83, 7, 'http://dummyimage.com/103x100.png/5fa2dd/ffffff', 'Lorem.avi', 'Scholarship', '2021-06-06', 91);
insert into document (document_id, user_id, location, name, type, date_uploaded, size) values (84, 15, 'http://dummyimage.com/108x100.png/ff4444/ffffff', 'BlanditNon.ppt', 'Personal Details', '2021-12-09', 79);
insert into document (document_id, user_id, location, name, type, date_uploaded, size) values (85, 22, 'http://dummyimage.com/141x100.png/ff4444/ffffff', 'NecDuiLuctus.mp3', 'Scholarship', '2021-04-25', 7);
insert into document (document_id, user_id, location, name, type, date_uploaded, size) values (86, 9, 'http://dummyimage.com/233x100.png/cc0000/ffffff', 'LoremQuisqueUt.avi', 'Application', '2021-11-05', 68);
insert into document (document_id, user_id, location, name, type, date_uploaded, size) values (87, 24, 'http://dummyimage.com/178x100.png/cc0000/ffffff', 'ImperdietNullam.pdf', 'Scholarship', '2021-12-22', 2);
insert into document (document_id, user_id, location, name, type, date_uploaded, size) values (88, 13, 'http://dummyimage.com/221x100.png/cc0000/ffffff', 'TinciduntAnte.mp3', 'Application', '2021-05-21', 67);
insert into document (document_id, user_id, location, name, type, date_uploaded, size) values (89, 8, 'http://dummyimage.com/239x100.png/ff4444/ffffff', 'SedVestibulum.avi', 'Scholarship', '2021-06-19', 76);
insert into document (document_id, user_id, location, name, type, date_uploaded, size) values (90, 20, 'http://dummyimage.com/127x100.png/cc0000/ffffff', 'Sit.png', 'Scholarship', '2022-01-01', 19);
insert into document (document_id, user_id, location, name, type, date_uploaded, size) values (91, 7, 'http://dummyimage.com/155x100.png/ff4444/ffffff', 'NisiVolutpatEleifend.ppt', 'Scholarship', '2021-06-16', 80);
insert into document (document_id, user_id, location, name, type, date_uploaded, size) values (92, 21, 'http://dummyimage.com/220x100.png/5fa2dd/ffffff', 'Ridiculus.jpeg', 'Application', '2021-12-06', 20);
insert into document (document_id, user_id, location, name, type, date_uploaded, size) values (93, 4, 'http://dummyimage.com/191x100.png/ff4444/ffffff', 'Metus.jpeg', 'Scholarship', '2021-09-06', 3);
insert into document (document_id, user_id, location, name, type, date_uploaded, size) values (94, 24, 'http://dummyimage.com/197x100.png/ff4444/ffffff', 'RutrumNullaTellus.mp3', 'Personal Details', '2021-10-23', 41);
insert into document (document_id, user_id, location, name, type, date_uploaded, size) values (95, 23, 'http://dummyimage.com/201x100.png/cc0000/ffffff', 'Pellentesque.ppt', 'Personal Details', '2021-12-16', 62);
insert into document (document_id, user_id, location, name, type, date_uploaded, size) values (96, 12, 'http://dummyimage.com/168x100.png/ff4444/ffffff', 'Sodales.mp3', 'Application', '2022-03-05', 43);
insert into document (document_id, user_id, location, name, type, date_uploaded, size) values (97, 12, 'http://dummyimage.com/100x100.png/ff4444/ffffff', 'BibendumImperdietNullam.png', 'Personal Details', '2021-04-02', 77);
insert into document (document_id, user_id, location, name, type, date_uploaded, size) values (98, 24, 'http://dummyimage.com/209x100.png/ff4444/ffffff', 'Platea.xls', 'Personal Details', '2021-07-06', 40);
insert into document (document_id, user_id, location, name, type, date_uploaded, size) values (99, 12, 'http://dummyimage.com/158x100.png/dddddd/000000', 'Tempus.mov', 'Scholarship', '2021-11-19', 98);
insert into document (document_id, user_id, location, name, type, date_uploaded, size) values (100, 12, 'http://dummyimage.com/131x100.png/dddddd/000000', 'VivamusVestibulumSagittis.mp3', 'Application', '2022-01-29', 38);

UPDATE document
SET type = "Personal Details" WHERE (user_id = 4 OR user_id = 9 OR user_id = 12 OR user_id = 13 OR user_id = 18 OR user_id = 19) AND (type = "Scholarship");

INSERT INTO salary VALUES
(1, 7, 10000),
(2, 17, 12550),
(3, 23, 9755);

insert into payment (payment_id, user_id, date_issued, description, amount, paid_status, due_date, date_paid) values (1, 12, '2022-01-06', 'Trichosurus vulpecula', 200, true, '2022-01-24', '2022-01-21');
insert into payment (payment_id, user_id, date_issued, description, amount, paid_status, due_date, date_paid) values (2, 15, '2022-01-10', 'Sus scrofa', 15070, true, '2022-01-07', '2021-09-06');
insert into payment (payment_id, user_id, date_issued, description, amount, paid_status, due_date, date_paid) values (3, 20, '2022-01-30', 'Cyrtodactylus louisiadensis', 7108, false, '2022-03-21', '2021-08-28');
insert into payment (payment_id, user_id, date_issued, description, amount, paid_status, due_date, date_paid) values (4, 9, '2022-01-21', 'Ceratotherium simum', 10291, true, '2022-03-30', '2022-03-06');
insert into payment (payment_id, user_id, date_issued, description, amount, paid_status, due_date, date_paid) values (5, 6, '2022-01-02', 'Varanus sp.', 9245, true, '2022-03-02', '2021-12-07');
insert into payment (payment_id, user_id, date_issued, description, amount, paid_status, due_date, date_paid) values (6, 7, '2022-01-22', 'Phascogale calura', 5845, false, '2022-02-06', '2021-02-18');
insert into payment (payment_id, user_id, date_issued, description, amount, paid_status, due_date, date_paid) values (7, 23, '2022-01-14', 'Delphinus delphis', 4296, false, '2022-01-27', '2021-07-10');
insert into payment (payment_id, user_id, date_issued, description, amount, paid_status, due_date, date_paid) values (8, 13, '2022-01-02', 'Terrapene carolina', 2079, true, '2022-01-07', '2021-08-13');
insert into payment (payment_id, user_id, date_issued, description, amount, paid_status, due_date, date_paid) values (9, 16, '2022-01-26', 'Tachybaptus ruficollis', 2877, false, '2022-01-07', '2021-07-22');
insert into payment (payment_id, user_id, date_issued, description, amount, paid_status, due_date, date_paid) values (10, 3, '2022-01-06', 'Phalacrocorax brasilianus', 14210, true, '2022-02-09', '2021-06-05');
insert into payment (payment_id, user_id, date_issued, description, amount, paid_status, due_date, date_paid) values (11, 6, '2022-01-06', 'Ephipplorhynchus senegalensis', 18104, true, '2022-03-09', '2021-03-11');
insert into payment (payment_id, user_id, date_issued, description, amount, paid_status, due_date, date_paid) values (12, 4, '2022-01-06', 'Trachyphonus vaillantii', 18567, false, '2022-01-24', '2021-08-31');
insert into payment (payment_id, user_id, date_issued, description, amount, paid_status, due_date, date_paid) values (13, 11, '2022-01-23', 'Coendou prehensilis', 13711, true, '2022-02-24', '2021-04-21');
insert into payment (payment_id, user_id, date_issued, description, amount, paid_status, due_date, date_paid) values (14, 15, '2022-01-25', 'Mabuya spilogaster', 15710, false, '2022-01-12', '2021-03-25');
insert into payment (payment_id, user_id, date_issued, description, amount, paid_status, due_date, date_paid) values (15, 20, '2022-01-09', 'Macropus rufogriseus', 19996, false, '2022-03-24', '2022-03-23');
insert into payment (payment_id, user_id, date_issued, description, amount, paid_status, due_date, date_paid) values (16, 3, '2022-01-18', 'Acrantophis madagascariensis', 11321, false, '2022-02-21', '2021-04-29');
insert into payment (payment_id, user_id, date_issued, description, amount, paid_status, due_date, date_paid) values (17, 17, '2022-01-10', 'Vulpes vulpes', 4664, true, '2022-03-04', '2021-01-12');
insert into payment (payment_id, user_id, date_issued, description, amount, paid_status, due_date, date_paid) values (18, 11, '2022-01-25', 'Loxodonta africana', 2054, false, '2022-01-15', '2021-04-16');
insert into payment (payment_id, user_id, date_issued, description, amount, paid_status, due_date, date_paid) values (19, 25, '2022-01-06', 'Falco mexicanus', 15789, true, '2022-01-21', '2021-06-18');
insert into payment (payment_id, user_id, date_issued, description, amount, paid_status, due_date, date_paid) values (20, 1, '2022-01-14', 'Ara ararauna', 16034, true, '2022-02-16', '2021-05-14');
insert into payment (payment_id, user_id, date_issued, description, amount, paid_status, due_date, date_paid) values (21, 20, '2022-01-10', 'Falco mexicanus', 3609, true, '2022-01-05', '2021-12-21');
insert into payment (payment_id, user_id, date_issued, description, amount, paid_status, due_date, date_paid) values (22, 4, '2022-01-18', 'Pycnonotus nigricans', 6787, true, '2022-01-11', '2021-03-09');
insert into payment (payment_id, user_id, date_issued, description, amount, paid_status, due_date, date_paid) values (23, 20, '2022-01-22', 'Calyptorhynchus magnificus', 16436, false, '2022-01-10', '2021-02-25');
insert into payment (payment_id, user_id, date_issued, description, amount, paid_status, due_date, date_paid) values (24, 7, '2022-01-10', 'Nasua nasua', 12354, false, '2022-02-14', '2022-02-04');
insert into payment (payment_id, user_id, date_issued, description, amount, paid_status, due_date, date_paid) values (25, 17, '2022-01-09', 'Tayassu pecari', 7073, false, '2022-02-06', '2021-01-08');
insert into payment (payment_id, user_id, date_issued, description, amount, paid_status, due_date, date_paid) values (26, 24, '2022-01-30', 'Chloephaga melanoptera', 7965, false, '2022-03-24', '2021-08-25');
insert into payment (payment_id, user_id, date_issued, description, amount, paid_status, due_date, date_paid) values (27, 8, '2022-01-16', 'Actophilornis africanus', 10431, false, '2022-02-14', '2021-03-14');
insert into payment (payment_id, user_id, date_issued, description, amount, paid_status, due_date, date_paid) values (28, 12, '2022-01-12', 'Alcelaphus buselaphus cokii', 1427, false, '2022-03-07', '2021-04-13');
insert into payment (payment_id, user_id, date_issued, description, amount, paid_status, due_date, date_paid) values (29, 8, '2022-01-14', 'Morelia spilotes variegata', 17851, false, '2022-01-17', '2021-12-24');
insert into payment (payment_id, user_id, date_issued, description, amount, paid_status, due_date, date_paid) values (30, 5, '2022-01-07', 'Ephipplorhynchus senegalensis', 18125, true, '2022-03-05', '2021-12-17');
insert into payment (payment_id, user_id, date_issued, description, amount, paid_status, due_date, date_paid) values (31, 10, '2022-01-03', 'Speothos vanaticus', 17879, true, '2022-03-24', '2021-07-11');
insert into payment (payment_id, user_id, date_issued, description, amount, paid_status, due_date, date_paid) values (32, 12, '2022-01-17', 'Vanellus chilensis', 7141, false, '2022-01-28', '2021-11-24');
insert into payment (payment_id, user_id, date_issued, description, amount, paid_status, due_date, date_paid) values (33, 6, '2022-01-23', 'Francolinus leucoscepus', 12932, false, '2022-01-25', '2021-04-20');
insert into payment (payment_id, user_id, date_issued, description, amount, paid_status, due_date, date_paid) values (34, 23, '2022-01-10', 'Castor fiber', 1626, true, '2022-03-14', '2021-11-25');
insert into payment (payment_id, user_id, date_issued, description, amount, paid_status, due_date, date_paid) values (35, 10, '2022-01-19', 'Notechis semmiannulatus', 1523, true, '2022-01-17', '2021-01-19');
insert into payment (payment_id, user_id, date_issued, description, amount, paid_status, due_date, date_paid) values (36, 14, '2022-01-30', 'Cordylus giganteus', 5757, false, '2022-02-01', '2022-03-10');
insert into payment (payment_id, user_id, date_issued, description, amount, paid_status, due_date, date_paid) values (37, 12, '2022-01-28', 'Zalophus californicus', 15726, true, '2022-01-04', '2021-01-14');
insert into payment (payment_id, user_id, date_issued, description, amount, paid_status, due_date, date_paid) values (38, 12, '2022-01-21', 'Haliaetus vocifer', 2039, true, '2022-01-24', '2022-04-01');
insert into payment (payment_id, user_id, date_issued, description, amount, paid_status, due_date, date_paid) values (39, 16, '2022-01-17', 'Macropus fuliginosus', 7018, true, '2022-03-16', '2021-09-03');
insert into payment (payment_id, user_id, date_issued, description, amount, paid_status, due_date, date_paid) values (40, 6, '2022-01-06', 'Madoqua kirkii', 13660, false, '2022-01-05', '2021-04-23');
insert into payment (payment_id, user_id, date_issued, description, amount, paid_status, due_date, date_paid) values (41, 19, '2022-01-20', 'Graspus graspus', 10219, true, '2022-02-19', '2021-12-19');
insert into payment (payment_id, user_id, date_issued, description, amount, paid_status, due_date, date_paid) values (42, 10, '2022-01-29', 'Fregata magnificans', 189, true, '2022-03-20', '2021-08-22');
insert into payment (payment_id, user_id, date_issued, description, amount, paid_status, due_date, date_paid) values (43, 3, '2022-01-27', 'Loris tardigratus', 1194, true, '2022-01-13', '2021-02-21');
insert into payment (payment_id, user_id, date_issued, description, amount, paid_status, due_date, date_paid) values (44, 11, '2022-01-26', 'Corvus albus', 4672, false, '2022-02-08', '2021-06-01');
insert into payment (payment_id, user_id, date_issued, description, amount, paid_status, due_date, date_paid) values (45, 4, '2022-01-09', 'Ursus americanus', 10923, true, '2022-01-30', '2021-08-23');
insert into payment (payment_id, user_id, date_issued, description, amount, paid_status, due_date, date_paid) values (46, 14, '2022-01-08', 'Larus fuliginosus', 11072, true, '2022-03-07', '2022-01-10');
insert into payment (payment_id, user_id, date_issued, description, amount, paid_status, due_date, date_paid) values (47, 3, '2022-01-09', 'Limosa haemastica', 10674, false, '2022-01-03', '2022-01-25');
insert into payment (payment_id, user_id, date_issued, description, amount, paid_status, due_date, date_paid) values (48, 6, '2022-01-28', 'Alligator mississippiensis', 230, false, '2022-03-03', '2021-10-04');
insert into payment (payment_id, user_id, date_issued, description, amount, paid_status, due_date, date_paid) values (49, 12, '2022-01-17', 'Vulpes chama', 17584, true, '2022-03-10', '2021-05-12');
insert into payment (payment_id, user_id, date_issued, description, amount, paid_status, due_date, date_paid) values (50, 9, '2022-01-12', 'unavailable', 8505, true, '2022-02-18', '2022-03-26');
insert into payment (payment_id, user_id, date_issued, description, amount, paid_status, due_date, date_paid) values (51, 6, '2022-01-17', 'Tursiops truncatus', 11455, true, '2022-02-15', '2022-03-27');
insert into payment (payment_id, user_id, date_issued, description, amount, paid_status, due_date, date_paid) values (52, 7, '2022-01-06', 'Oryx gazella callotis', 484, false, '2022-01-06', '2021-02-11');
insert into payment (payment_id, user_id, date_issued, description, amount, paid_status, due_date, date_paid) values (53, 3, '2022-01-18', 'Ourebia ourebi', 9707, false, '2022-02-22', '2021-11-26');
insert into payment (payment_id, user_id, date_issued, description, amount, paid_status, due_date, date_paid) values (54, 23, '2022-01-26', 'Lepilemur rufescens', 8652, false, '2022-01-28', '2021-09-27');
insert into payment (payment_id, user_id, date_issued, description, amount, paid_status, due_date, date_paid) values (55, 18, '2022-01-19', 'Panthera leo persica', 11696, false, '2022-01-15', '2022-02-05');
insert into payment (payment_id, user_id, date_issued, description, amount, paid_status, due_date, date_paid) values (56, 18, '2022-01-27', 'unavailable', 5108, true, '2022-02-08', '2021-05-15');
insert into payment (payment_id, user_id, date_issued, description, amount, paid_status, due_date, date_paid) values (57, 4, '2022-01-25', 'Bubalus arnee', 9917, false, '2022-01-22', '2021-02-28');
insert into payment (payment_id, user_id, date_issued, description, amount, paid_status, due_date, date_paid) values (58, 9, '2022-01-10', 'Ceratotherium simum', 9426, true, '2022-03-24', '2021-12-30');
insert into payment (payment_id, user_id, date_issued, description, amount, paid_status, due_date, date_paid) values (59, 23, '2022-01-19', 'Tyto novaehollandiae', 721, false, '2022-02-10', '2021-08-08');
insert into payment (payment_id, user_id, date_issued, description, amount, paid_status, due_date, date_paid) values (60, 2, '2022-01-10', 'Corvus brachyrhynchos', 13013, false, '2022-02-28', '2022-02-22');
insert into payment (payment_id, user_id, date_issued, description, amount, paid_status, due_date, date_paid) values (61, 4, '2022-01-16', 'Sciurus vulgaris', 15438, false, '2022-01-16', '2021-07-22');
insert into payment (payment_id, user_id, date_issued, description, amount, paid_status, due_date, date_paid) values (62, 3, '2022-01-23', 'Naja nivea', 5668, true, '2022-03-02', '2021-07-08');
insert into payment (payment_id, user_id, date_issued, description, amount, paid_status, due_date, date_paid) values (63, 10, '2022-01-22', 'Felis concolor', 3556, false, '2022-02-25', '2022-04-06');
insert into payment (payment_id, user_id, date_issued, description, amount, paid_status, due_date, date_paid) values (64, 21, '2022-01-04', 'Dendrohyrax brucel', 17391, true, '2022-01-13', '2021-02-10');
insert into payment (payment_id, user_id, date_issued, description, amount, paid_status, due_date, date_paid) values (65, 15, '2022-01-27', 'Lama pacos', 18517, true, '2022-01-27', '2021-12-17');
insert into payment (payment_id, user_id, date_issued, description, amount, paid_status, due_date, date_paid) values (66, 1, '2022-01-16', 'Eumetopias jubatus', 14046, false, '2022-02-05', '2021-07-20');
insert into payment (payment_id, user_id, date_issued, description, amount, paid_status, due_date, date_paid) values (67, 3, '2022-01-12', 'Corvus brachyrhynchos', 7038, false, '2022-03-13', '2021-10-11');
insert into payment (payment_id, user_id, date_issued, description, amount, paid_status, due_date, date_paid) values (68, 13, '2022-01-14', 'Axis axis', 9930, false, '2022-01-19', '2022-03-21');
insert into payment (payment_id, user_id, date_issued, description, amount, paid_status, due_date, date_paid) values (69, 16, '2022-01-15', 'Cebus apella', 19436, false, '2022-02-18', '2022-01-06');
insert into payment (payment_id, user_id, date_issued, description, amount, paid_status, due_date, date_paid) values (70, 15, '2022-01-26', 'Carduelis pinus', 12571, false, '2022-03-17', '2022-01-11');
insert into payment (payment_id, user_id, date_issued, description, amount, paid_status, due_date, date_paid) values (71, 18, '2022-01-15', 'Graspus graspus', 17377, true, '2022-01-22', '2021-04-20');
insert into payment (payment_id, user_id, date_issued, description, amount, paid_status, due_date, date_paid) values (72, 21, '2022-01-26', 'Buteo regalis', 7694, true, '2022-02-09', '2021-03-09');
insert into payment (payment_id, user_id, date_issued, description, amount, paid_status, due_date, date_paid) values (73, 12, '2022-01-01', 'Macropus agilis', 11651, false, '2022-02-03', '2021-02-12');
insert into payment (payment_id, user_id, date_issued, description, amount, paid_status, due_date, date_paid) values (74, 6, '2022-01-05', 'Varanus salvator', 10637, true, '2022-03-12', '2021-07-24');
insert into payment (payment_id, user_id, date_issued, description, amount, paid_status, due_date, date_paid) values (75, 23, '2022-01-21', 'Paraxerus cepapi', 739, true, '2022-01-21', '2021-11-04');
insert into payment (payment_id, user_id, date_issued, description, amount, paid_status, due_date, date_paid) values (76, 6, '2022-01-01', 'Dasypus septemcincus', 13110, false, '2022-02-16', '2021-01-12');
insert into payment (payment_id, user_id, date_issued, description, amount, paid_status, due_date, date_paid) values (77, 17, '2022-01-24', 'Carduelis uropygialis', 3174, false, '2022-03-09', '2021-06-16');
insert into payment (payment_id, user_id, date_issued, description, amount, paid_status, due_date, date_paid) values (78, 11, '2022-01-25', 'Bucorvus leadbeateri', 856, false, '2022-01-13', '2021-10-17');
insert into payment (payment_id, user_id, date_issued, description, amount, paid_status, due_date, date_paid) values (79, 1, '2022-01-16', 'Ovis ammon', 4038, false, '2022-03-17', '2021-11-28');
insert into payment (payment_id, user_id, date_issued, description, amount, paid_status, due_date, date_paid) values (80, 11, '2022-01-05', 'Cynictis penicillata', 2092, false, '2022-01-08', '2021-07-31');
insert into payment (payment_id, user_id, date_issued, description, amount, paid_status, due_date, date_paid) values (81, 24, '2022-01-06', 'Dipodomys deserti', 11459, true, '2022-01-29', '2021-02-10');
insert into payment (payment_id, user_id, date_issued, description, amount, paid_status, due_date, date_paid) values (82, 3, '2022-01-11', 'Propithecus verreauxi', 11944, true, '2022-03-30', '2021-08-24');
insert into payment (payment_id, user_id, date_issued, description, amount, paid_status, due_date, date_paid) values (83, 9, '2022-01-03', 'Macaca nemestrina', 9049, true, '2022-01-05', '2021-09-30');
insert into payment (payment_id, user_id, date_issued, description, amount, paid_status, due_date, date_paid) values (84, 2, '2022-01-07', 'Dicrurus adsimilis', 12225, false, '2022-03-28', '2021-07-22');
insert into payment (payment_id, user_id, date_issued, description, amount, paid_status, due_date, date_paid) values (85, 25, '2022-01-04', 'Cereopsis novaehollandiae', 18164, false, '2022-02-18', '2022-04-06');
insert into payment (payment_id, user_id, date_issued, description, amount, paid_status, due_date, date_paid) values (86, 13, '2022-01-24', 'Francolinus coqui', 9224, true, '2022-03-22', '2021-11-05');
insert into payment (payment_id, user_id, date_issued, description, amount, paid_status, due_date, date_paid) values (87, 11, '2022-01-01', 'Phalaropus fulicarius', 18759, false, '2022-02-01', '2021-02-20');
insert into payment (payment_id, user_id, date_issued, description, amount, paid_status, due_date, date_paid) values (88, 10, '2022-01-12', 'Lemur fulvus', 19698, true, '2022-01-05', '2021-02-25');
insert into payment (payment_id, user_id, date_issued, description, amount, paid_status, due_date, date_paid) values (89, 20, '2022-01-02', 'Dasypus novemcinctus', 19987, false, '2022-01-28', '2021-08-23');
insert into payment (payment_id, user_id, date_issued, description, amount, paid_status, due_date, date_paid) values (90, 20, '2022-01-25', 'Varanus salvator', 2358, true, '2022-01-13', '2022-04-05');
insert into payment (payment_id, user_id, date_issued, description, amount, paid_status, due_date, date_paid) values (91, 13, '2022-01-17', 'Hystrix cristata', 7544, false, '2022-03-25', '2021-12-20');
insert into payment (payment_id, user_id, date_issued, description, amount, paid_status, due_date, date_paid) values (92, 16, '2022-01-07', 'Buteo regalis', 10857, true, '2022-02-23', '2021-04-01');
insert into payment (payment_id, user_id, date_issued, description, amount, paid_status, due_date, date_paid) values (93, 23, '2022-01-29', 'Limosa haemastica', 9041, true, '2022-03-08', '2021-11-10');
insert into payment (payment_id, user_id, date_issued, description, amount, paid_status, due_date, date_paid) values (94, 10, '2022-01-02', 'Lorythaixoides concolor', 17569, false, '2022-02-02', '2022-02-05');
insert into payment (payment_id, user_id, date_issued, description, amount, paid_status, due_date, date_paid) values (95, 19, '2022-01-05', 'Canis lupus baileyi', 1923, false, '2022-02-25', '2021-01-07');
insert into payment (payment_id, user_id, date_issued, description, amount, paid_status, due_date, date_paid) values (96, 8, '2022-01-21', 'Columba palumbus', 13938, false, '2022-02-24', '2021-08-06');
insert into payment (payment_id, user_id, date_issued, description, amount, paid_status, due_date, date_paid) values (97, 25, '2022-01-22', 'Phalacrocorax niger', 17838, false, '2022-01-31', '2021-11-21');
insert into payment (payment_id, user_id, date_issued, description, amount, paid_status, due_date, date_paid) values (98, 21, '2022-01-10', 'Notechis semmiannulatus', 13235, true, '2022-03-24', '2021-12-19');
insert into payment (payment_id, user_id, date_issued, description, amount, paid_status, due_date, date_paid) values (99, 15, '2022-01-26', 'Sarkidornis melanotos', 2632, true, '2022-03-02', '2021-03-07');
insert into payment (payment_id, user_id, date_issued, description, amount, paid_status, due_date, date_paid) values (100, 11, '2022-01-17', 'Spizaetus coronatus', 6303, false, '2022-02-12', '2021-11-15');

insert into usercard (card_id, picture, activation_status, user_id) values (1, 'http://dummyimage.com/140x100.png/dddddd/000000', true, 1);
insert into usercard (card_id, picture, activation_status, user_id) values (2, 'http://dummyimage.com/113x100.png/dddddd/000000', false, 2);
insert into usercard (card_id, picture, activation_status, user_id) values (3, 'http://dummyimage.com/105x100.png/cc0000/ffffff', true, 3);
insert into usercard (card_id, picture, activation_status, user_id) values (4, 'http://dummyimage.com/222x100.png/ff4444/ffffff', true, 4);
insert into usercard (card_id, picture, activation_status, user_id) values (5, 'http://dummyimage.com/158x100.png/cc0000/ffffff', true, 5);
insert into usercard (card_id, picture, activation_status, user_id) values (6, 'http://dummyimage.com/222x100.png/cc0000/ffffff', true, 6);
insert into usercard (card_id, picture, activation_status, user_id) values (7, 'http://dummyimage.com/131x100.png/ff4444/ffffff', false, 7);
insert into usercard (card_id, picture, activation_status, user_id) values (8, 'http://dummyimage.com/171x100.png/dddddd/000000', false, 8);
insert into usercard (card_id, picture, activation_status, user_id) values (9, 'http://dummyimage.com/225x100.png/dddddd/000000', true, 9);
insert into usercard (card_id, picture, activation_status, user_id) values (10, 'http://dummyimage.com/129x100.png/ff4444/ffffff', true, 10);
insert into usercard (card_id, picture, activation_status, user_id) values (11, 'http://dummyimage.com/179x100.png/ff4444/ffffff', true, 11);
insert into usercard (card_id, picture, activation_status, user_id) values (12, 'http://dummyimage.com/140x100.png/5fa2dd/ffffff', false, 12);
insert into usercard (card_id, picture, activation_status, user_id) values (13, 'http://dummyimage.com/238x100.png/dddddd/000000', true, 13);
insert into usercard (card_id, picture, activation_status, user_id) values (14, 'http://dummyimage.com/106x100.png/ff4444/ffffff', true, 14);
insert into usercard (card_id, picture, activation_status, user_id) values (15, 'http://dummyimage.com/111x100.png/dddddd/000000', false, 15);
insert into usercard (card_id, picture, activation_status, user_id) values (16, 'http://dummyimage.com/191x100.png/5fa2dd/ffffff', true, 16);
insert into usercard (card_id, picture, activation_status, user_id) values (17, 'http://dummyimage.com/131x100.png/5fa2dd/ffffff', true, 17);
insert into usercard (card_id, picture, activation_status, user_id) values (18, 'http://dummyimage.com/186x100.png/cc0000/ffffff', false, 18);
insert into usercard (card_id, picture, activation_status, user_id) values (19, 'http://dummyimage.com/244x100.png/ff4444/ffffff', false, 19);
insert into usercard (card_id, picture, activation_status, user_id) values (20, 'http://dummyimage.com/142x100.png/ff4444/ffffff', false, 20);
insert into usercard (card_id, picture, activation_status, user_id) values (21, 'http://dummyimage.com/195x100.png/dddddd/000000', true, 21);
insert into usercard (card_id, picture, activation_status, user_id) values (22, 'http://dummyimage.com/149x100.png/ff4444/ffffff', true, 22);
insert into usercard (card_id, picture, activation_status, user_id) values (23, 'http://dummyimage.com/203x100.png/ff4444/ffffff', false, 23);
insert into usercard (card_id, picture, activation_status, user_id) values (24, 'http://dummyimage.com/199x100.png/ff4444/ffffff', false, 24);
insert into usercard (card_id, picture, activation_status, user_id) values (25, 'http://dummyimage.com/228x100.png/5fa2dd/ffffff', false, 25);

INSERT INTO newscategory VALUES
(1, "Events"),
(2, "Scholarship"),
(3, "Announcements"),
(4, "Others");

insert into newsletter (newsletter_id, title, author, date_published, body) values (1, 'Out of the Blue', 2, '2022-02-19 04:36:59', 'Fusce consequat.');
insert into newsletter (newsletter_id, title, author, date_published, body) values (2, 'Dragon Inn (Sun lung moon hak chan)', 2, '2022-03-07 04:15:33', 'Nullam varius. Nulla facilisi. Cras non velit nec nisi vulputate nonummy.');
insert into newsletter (newsletter_id, title, author, date_published, body) values (3, 'Blue Angel, The', 1, '2022-02-19 04:14:37', 'Cras in purus eu magna vulputate luctus. Cum sociis natoque penatibus et magnis dis parturient montes, nascetur ridiculus mus. Vivamus vestibulum sagittis sapien. Cum sociis natoque penatibus et magnis dis parturient montes, nascetur ridiculus mus.');
insert into newsletter (newsletter_id, title, author, date_published, body) values (4, 'Philanthropy (Filantropica)', 2, '2022-01-19 16:54:53', 'Aenean sit amet justo. Morbi ut odio.');
insert into newsletter (newsletter_id, title, author, date_published, body) values (5, 'Vengo', 1, '2022-01-21 18:22:24', 'Fusce consequat. Nulla nisl.');
insert into newsletter (newsletter_id, title, author, date_published, body) values (6, 'America 3000', 2, '2022-01-28 05:41:48', 'Nullam molestie nibh in lectus. Pellentesque at nulla. Suspendisse potenti. Cras in purus eu magna vulputate luctus. Cum sociis natoque penatibus et magnis dis parturient montes, nascetur ridiculus mus. Vivamus vestibulum sagittis sapien. Cum sociis natoque penatibus et magnis dis parturient montes, nascetur ridiculus mus. Etiam vel augue. Vestibulum rutrum rutrum neque. Aenean auctor gravida sem.');
insert into newsletter (newsletter_id, title, author, date_published, body) values (7, 'Ramen Girl, The', 2, '2022-02-13 11:35:15', 'Suspendisse potenti. In eleifend quam a odio. In hac habitasse platea dictumst. Maecenas ut massa quis augue luctus tincidunt. Nulla mollis molestie lorem. Quisque ut erat. Curabitur gravida nisi at nibh.');
insert into newsletter (newsletter_id, title, author, date_published, body) values (8, 'Man There Was, A (Terje Vigen)', 1, '2022-02-11 08:08:11', 'Duis bibendum, felis sed interdum venenatis, turpis enim blandit mi, in porttitor pede justo eu massa. Donec dapibus. Duis at velit eu est congue elementum. In hac habitasse platea dictumst. Morbi vestibulum, velit id pretium iaculis, diam erat fermentum justo, nec condimentum neque sapien placerat ante. Nulla justo.');
insert into newsletter (newsletter_id, title, author, date_published, body) values (9, 'In This World', 1, '2022-02-04 10:36:53', 'In hac habitasse platea dictumst. Aliquam augue quam, sollicitudin vitae, consectetuer eget, rutrum at, lorem.');
insert into newsletter (newsletter_id, title, author, date_published, body) values (10, 'Jacob the Liar (Jakob, der Lgner)', 1, '2022-02-21 07:52:57', 'Mauris enim leo, rhoncus sed, vestibulum sit amet, cursus id, turpis. Integer aliquet, massa id lobortis convallis, tortor risus dapibus augue, vel accumsan tellus nisi eu orci. Mauris lacinia sapien quis libero. Nullam sit amet turpis elementum ligula vehicula consequat. Morbi a ipsum. Integer a nibh. In quis justo. Maecenas rhoncus aliquam lacus. Morbi quis tortor id nulla ultrices aliquet. Maecenas leo odio, condimentum id, luctus nec, molestie sed, justo.');

INSERT INTO news_category VALUES
(1, 1),
(2, 2),
(3, 3),
(3, 4),
(4, 4),
(4, 3),
(5, 3),
(6, 2),
(7, 1),
(8, 2),
(8, 1),
(9, 4),
(10, 2),
(10, 3);

insert into report (report_id, title, text, datetime_reported) values (1, 'Tarzan', 'Etiam vel augue. Vestibulum rutrum rutrum neque. Aenean auctor gravida sem. Praesent id massa id nisl venenatis lacinia. Aenean sit amet justo. Morbi ut odio. Cras mi pede, malesuada in, imperdiet et, commodo vulputate, justo. In blandit ultrices enim. Lorem ipsum dolor sit amet, consectetuer adipiscing elit. Proin interdum mauris non ligula pellentesque ultrices.', '2022-10-24 06:39:05');
insert into report (report_id, title, text, datetime_reported) values (2, 'Into the White (Cross of Honour)', 'Cum sociis natoque penatibus et magnis dis parturient montes, nascetur ridiculus mus. Vivamus vestibulum sagittis sapien. Cum sociis natoque penatibus et magnis dis parturient montes, nascetur ridiculus mus. Etiam vel augue. Vestibulum rutrum rutrum neque. Aenean auctor gravida sem. Praesent id massa id nisl venenatis lacinia. Aenean sit amet justo. Morbi ut odio. Cras mi pede, malesuada in, imperdiet et, commodo vulputate, justo.', '2022-04-04 19:29:51');
insert into report (report_id, title, text, datetime_reported) values (3, 'Venus & Fleur', 'Etiam justo. Etiam pretium iaculis justo. In hac habitasse platea dictumst. Etiam faucibus cursus urna. Ut tellus. Nulla ut erat id mauris vulputate elementum.', '2022-04-21 16:23:50');
insert into report (report_id, title, text, datetime_reported) values (4, 'Some Kind of Wonderful', 'Aliquam augue quam, sollicitudin vitae, consectetuer eget, rutrum at, lorem. Integer tincidunt ante vel ipsum. Praesent blandit lacinia erat. Vestibulum sed magna at nunc commodo placerat. Praesent blandit. Nam nulla.', '2022-01-07 06:23:47');
insert into report (report_id, title, text, datetime_reported) values (5, 'Grace', 'Proin interdum mauris non ligula pellentesque ultrices. Phasellus id sapien in sapien iaculis congue. Vivamus metus arcu, adipiscing molestie, hendrerit at, vulputate vitae, nisl. Aenean lectus. Pellentesque eget nunc.', '2022-01-26 18:30:18');
insert into report (report_id, title, text, datetime_reported) values (6, 'Klitschko', 'Lorem ipsum dolor sit amet, consectetuer adipiscing elit. Proin interdum mauris non ligula pellentesque ultrices. Phasellus id sapien in sapien iaculis congue. Vivamus metus arcu, adipiscing molestie, hendrerit at, vulputate vitae, nisl. Aenean lectus.', '2022-08-15 06:50:15');
insert into report (report_id, title, text, datetime_reported) values (7, 'Born to Defense (Zhong hua ying xiong)', 'Integer non velit. Donec diam neque, vestibulum eget, vulputate ut, ultrices vel, augue. Vestibulum ante ipsum primis in faucibus orci luctus et ultrices posuere cubilia Curae; Donec pharetra, magna vestibulum aliquet ultrices, erat tortor sollicitudin mi, sit amet lobortis sapien sapien non mi. Integer ac neque. Duis bibendum. Morbi non quam nec dui luctus rutrum.', '2022-09-13 04:06:41');
insert into report (report_id, title, text, datetime_reported) values (8, 'Double Impact', 'Duis consequat dui nec nisi volutpat eleifend. Donec ut dolor. Morbi vel lectus in quam fringilla rhoncus. Mauris enim leo, rhoncus sed, vestibulum sit amet, cursus id, turpis. Integer aliquet, massa id lobortis convallis, tortor risus dapibus augue, vel accumsan tellus nisi eu orci.', '2022-03-06 14:54:41');
insert into report (report_id, title, text, datetime_reported) values (9, 'Princess for Christmas, A', 'Nullam varius. Nulla facilisi. Cras non velit nec nisi vulputate nonummy. Maecenas tincidunt lacus at velit. Vivamus vel nulla eget eros elementum pellentesque. Quisque porta volutpat erat.', '2022-09-02 11:16:18');
insert into report (report_id, title, text, datetime_reported) values (10, 'Wrong Turn 4', 'In est risus, auctor sed, tristique in, tempus sit amet, sem. Fusce consequat. Nulla nisl. Nunc nisl. Duis bibendum, felis sed interdum venenatis, turpis enim blandit mi, in porttitor pede justo eu massa. Donec dapibus. Duis at velit eu est congue elementum. In hac habitasse platea dictumst. Morbi vestibulum, velit id pretium iaculis, diam erat fermentum justo, nec condimentum neque sapien placerat ante.', '2022-09-13 17:57:16');

insert into timetable (timetable_id, day, start_time, end_time) values (1, 'Monday', '13:00', '15:00');
insert into timetable (timetable_id, day, start_time, end_time) values (2, 'Friday', '8:00', '10:00');
insert into timetable (timetable_id, day, start_time, end_time) values (3, 'Wednesday', '8:00', '10:00');
insert into timetable (timetable_id, day, start_time, end_time) values (4, 'Tuesday', '8:00', '10:00');
insert into timetable (timetable_id, day, start_time, end_time) values (5, 'Wednesday', '13:00', '15:00');
insert into timetable (timetable_id, day, start_time, end_time) values (6, 'Friday', '8:00', '10:00');
insert into timetable (timetable_id, day, start_time, end_time) values (7, 'Monday', '8:00', '10:00');
insert into timetable (timetable_id, day, start_time, end_time) values (8, 'Monday', '8:00', '10:00');
insert into timetable (timetable_id, day, start_time, end_time) values (9, 'Wednesday', '13:00', '15:00');
insert into timetable (timetable_id, day, start_time, end_time) values (10, 'Friday', '8:00', '10:00');
insert into timetable (timetable_id, day, start_time, end_time) values (11, 'Friday', '8:00', '10:00');
insert into timetable (timetable_id, day, start_time, end_time) values (12, 'Monday', '13:00', '15:00');
insert into timetable (timetable_id, day, start_time, end_time) values (13, 'Thursday', '13:00', '15:00');
insert into timetable (timetable_id, day, start_time, end_time) values (14, 'Friday', '13:00', '15:00');
insert into timetable (timetable_id, day, start_time, end_time) values (15, 'Tuesday', '8:00', '10:00');
insert into timetable (timetable_id, day, start_time, end_time) values (16, 'Thursday', '8:00', '10:00');
insert into timetable (timetable_id, day, start_time, end_time) values (17, 'Tuesday', '13:00', '15:00');
insert into timetable (timetable_id, day, start_time, end_time) values (18, 'Thursday', '13:00', '15:00');
insert into timetable (timetable_id, day, start_time, end_time) values (19, 'Monday', '8:00', '10:00');
insert into timetable (timetable_id, day, start_time, end_time) values (20, 'Wednesday', '13:00', '15:00');
insert into timetable (timetable_id, day, start_time, end_time) values (21, 'Tuesday', '8:00', '10:00');
insert into timetable (timetable_id, day, start_time, end_time) values (22, 'Tuesday', '13:00', '15:00');
insert into timetable (timetable_id, day, start_time, end_time) values (23, 'Thursday', '13:00', '15:00');
insert into timetable (timetable_id, day, start_time, end_time) values (24, 'Monday', '13:00', '15:00');

insert into classmodule (module_id, description, materials, timetable_id) values (1, 'Nulla tellus. In sagittis dui vel nisl. Duis ac nibh. Fusce lacus purus, aliquet at, feugiat non, pretium quis, lectus.', 'Duis bibendum, felis sed interdum venenatis, turpis enim blandit mi, in porttitor pede justo eu massa. Donec dapibus. Duis at velit eu est congue elementum. In hac habitasse platea dictumst. Morbi vestibulum, velit id pretium iaculis, diam erat fermentum justo, nec condimentum neque sapien placerat ante. Nulla justo. Aliquam quis turpis eget elit sodales scelerisque. Mauris sit amet eros. Suspendisse accumsan tortor quis turpis. Sed ante. Vivamus tortor. Duis mattis egestas metus. Aenean fermentum. Donec ut mauris eget massa tempor convallis. Nulla neque libero, convallis eget, eleifend luctus, ultricies eu, nibh. Quisque id justo sit amet sapien dignissim vestibulum. Vestibulum ante ipsum primis in faucibus orci luctus et ultrices posuere cubilia Curae; Nulla dapibus dolor vel est. Donec odio justo, sollicitudin ut, suscipit a, feugiat et, eros. Vestibulum ac est lacinia nisi venenatis tristique.', 1);
insert into classmodule (module_id, description, materials, timetable_id) values (2, 'Morbi vestibulum, velit id pretium iaculis, diam erat fermentum justo, nec condimentum neque sapien placerat ante.', 'Pellentesque viverra pede ac diam. Cras pellentesque volutpat dui. Maecenas tristique, est et tempus semper, est quam pharetra magna, ac consequat metus sapien ut nunc. Vestibulum ante ipsum primis in faucibus orci luctus et ultrices posuere cubilia Curae; Mauris viverra diam vitae quam. Suspendisse potenti. Nullam porttitor lacus at turpis. Donec posuere metus vitae ipsum. Aliquam non mauris. Morbi non lectus. Aliquam sit amet diam in magna bibendum imperdiet. Nullam orci pede, venenatis non, sodales sed, tincidunt eu, felis. Fusce posuere felis sed lacus. Morbi sem mauris, laoreet ut, rhoncus aliquet, pulvinar sed, nisl. Nunc rhoncus dui vel sem. Sed sagittis. Nam congue, risus semper porta volutpat, quam pede lobortis ligula, sit amet eleifend pede libero quis orci. Nullam molestie nibh in lectus. Pellentesque at nulla. Suspendisse potenti.', 2);
insert into classmodule (module_id, description, materials, timetable_id) values (3, 'Cum sociis natoque penatibus et magnis dis parturient montes, nascetur ridiculus mus. Vivamus vestibulum sagittis sapien.', 'Curabitur in libero ut massa volutpat convallis. Morbi odio odio, elementum eu, interdum eu, tincidunt in, leo. Maecenas pulvinar lobortis est. Phasellus sit amet erat. Nulla tempus. Vivamus in felis eu sapien cursus vestibulum. Proin eu mi. Nulla ac enim. In tempor, turpis nec euismod scelerisque, quam turpis adipiscing lorem, vitae mattis nibh ligula nec sem. Duis aliquam convallis nunc. Proin at turpis a pede posuere nonummy. Integer non velit. Donec diam neque, vestibulum eget, vulputate ut, ultrices vel, augue. Vestibulum ante ipsum primis in faucibus orci luctus et ultrices posuere cubilia Curae; Donec pharetra, magna vestibulum aliquet ultrices, erat tortor sollicitudin mi, sit amet lobortis sapien sapien non mi. Integer ac neque. Duis bibendum.', 3);
insert into classmodule (module_id, description, materials, timetable_id) values (4, 'In hac habitasse platea dictumst. Etiam faucibus cursus urna. Ut tellus. Nulla ut erat id mauris vulputate elementum.', 'Vestibulum ante ipsum primis in faucibus orci luctus et ultrices posuere cubilia Curae; Donec pharetra, magna vestibulum aliquet ultrices, erat tortor sollicitudin mi, sit amet lobortis sapien sapien non mi. Integer ac neque. Duis bibendum. Morbi non quam nec dui luctus rutrum. Nulla tellus. In sagittis dui vel nisl. Duis ac nibh. Fusce lacus purus, aliquet at, feugiat non, pretium quis, lectus. Suspendisse potenti. In eleifend quam a odio. In hac habitasse platea dictumst.', 4);
insert into classmodule (module_id, description, materials, timetable_id) values (5, 'Quisque porta volutpat erat. Quisque erat eros, viverra eget, congue eget, semper rutrum, nulla. Nunc purus.', 'Pellentesque eget nunc. Donec quis orci eget orci vehicula condimentum. Curabitur in libero ut massa volutpat convallis. Morbi odio odio, elementum eu, interdum eu, tincidunt in, leo. Maecenas pulvinar lobortis est. Phasellus sit amet erat. Nulla tempus. Vivamus in felis eu sapien cursus vestibulum. Proin eu mi. Nulla ac enim. In tempor, turpis nec euismod scelerisque, quam turpis adipiscing lorem, vitae mattis nibh ligula nec sem. Duis aliquam convallis nunc. Proin at turpis a pede posuere nonummy. Integer non velit. Donec diam neque, vestibulum eget, vulputate ut, ultrices vel, augue. Vestibulum ante ipsum primis in faucibus orci luctus et ultrices posuere cubilia Curae; Donec pharetra, magna vestibulum aliquet ultrices, erat tortor sollicitudin mi, sit amet lobortis sapien sapien non mi.', 5);
insert into classmodule (module_id, description, materials, timetable_id) values (6, 'Praesent blandit lacinia erat. Vestibulum sed magna at nunc commodo placerat. Praesent blandit. Nam nulla. Integer pede justo, lacinia eget, tincidunt eget, tempus vel, pede.', 'Duis ac nibh. Fusce lacus purus, aliquet at, feugiat non, pretium quis, lectus. Suspendisse potenti. In eleifend quam a odio. In hac habitasse platea dictumst. Maecenas ut massa quis augue luctus tincidunt. Nulla mollis molestie lorem. Quisque ut erat. Curabitur gravida nisi at nibh. In hac habitasse platea dictumst. Aliquam augue quam, sollicitudin vitae, consectetuer eget, rutrum at, lorem. Integer tincidunt ante vel ipsum. Praesent blandit lacinia erat. Vestibulum sed magna at nunc commodo placerat. Praesent blandit. Nam nulla. Integer pede justo, lacinia eget, tincidunt eget, tempus vel, pede. Morbi porttitor lorem id ligula.', 6);
insert into classmodule (module_id, description, materials, timetable_id) values (7, 'Nullam sit amet turpis elementum ligula vehicula consequat.', 'Vivamus in felis eu sapien cursus vestibulum. Proin eu mi. Nulla ac enim. In tempor, turpis nec euismod scelerisque, quam turpis adipiscing lorem, vitae mattis nibh ligula nec sem. Duis aliquam convallis nunc. Proin at turpis a pede posuere nonummy. Integer non velit. Donec diam neque, vestibulum eget, vulputate ut, ultrices vel, augue. Vestibulum ante ipsum primis in faucibus orci luctus et ultrices posuere cubilia Curae; Donec pharetra, magna vestibulum aliquet ultrices, erat tortor sollicitudin mi, sit amet lobortis sapien sapien non mi. Integer ac neque. Duis bibendum. Morbi non quam nec dui luctus rutrum. Nulla tellus. In sagittis dui vel nisl. Duis ac nibh. Fusce lacus purus, aliquet at, feugiat non, pretium quis, lectus. Suspendisse potenti. In eleifend quam a odio. In hac habitasse platea dictumst. Maecenas ut massa quis augue luctus tincidunt.', 7);
insert into classmodule (module_id, description, materials, timetable_id) values (8, 'In hac habitasse platea dictumst. Etiam faucibus cursus urna. Ut tellus. Nulla ut erat id mauris vulputate elementum.', 'Maecenas tincidunt lacus at velit. Vivamus vel nulla eget eros elementum pellentesque. Quisque porta volutpat erat. Quisque erat eros, viverra eget, congue eget, semper rutrum, nulla. Nunc purus. Phasellus in felis. Donec semper sapien a libero. Nam dui. Proin leo odio, porttitor id, consequat in, consequat ut, nulla. Sed accumsan felis. Ut at dolor quis odio consequat varius. Integer ac leo. Pellentesque ultrices mattis odio. Donec vitae nisi. Nam ultrices, libero non mattis pulvinar, nulla pede ullamcorper augue, a suscipit nulla elit ac nulla. Sed vel enim sit amet nunc viverra dapibus. Nulla suscipit ligula in lacus. Curabitur at ipsum ac tellus semper interdum. Mauris ullamcorper purus sit amet nulla.', 8);
insert into classmodule (module_id, description, materials, timetable_id) values (9, 'Integer aliquet, massa id lobortis convallis, tortor risus dapibus augue, vel accumsan tellus nisi eu orci.', 'Phasellus sit amet erat. Nulla tempus. Vivamus in felis eu sapien cursus vestibulum. Proin eu mi. Nulla ac enim. In tempor, turpis nec euismod scelerisque, quam turpis adipiscing lorem, vitae mattis nibh ligula nec sem. Duis aliquam convallis nunc. Proin at turpis a pede posuere nonummy. Integer non velit. Donec diam neque, vestibulum eget, vulputate ut, ultrices vel, augue. Vestibulum ante ipsum primis in faucibus orci luctus et ultrices posuere cubilia Curae; Donec pharetra, magna vestibulum aliquet ultrices, erat tortor sollicitudin mi, sit amet lobortis sapien sapien non mi. Integer ac neque. Duis bibendum. Morbi non quam nec dui luctus rutrum. Nulla tellus. In sagittis dui vel nisl. Duis ac nibh. Fusce lacus purus, aliquet at, feugiat non, pretium quis, lectus. Suspendisse potenti.', 9);
insert into classmodule (module_id, description, materials, timetable_id) values (10, 'Morbi sem mauris, laoreet ut, rhoncus aliquet, pulvinar sed, nisl.', 'Vivamus vel nulla eget eros elementum pellentesque. Quisque porta volutpat erat. Quisque erat eros, viverra eget, congue eget, semper rutrum, nulla. Nunc purus. Phasellus in felis. Donec semper sapien a libero. Nam dui. Proin leo odio, porttitor id, consequat in, consequat ut, nulla. Sed accumsan felis. Ut at dolor quis odio consequat varius. Integer ac leo. Pellentesque ultrices mattis odio. Donec vitae nisi. Nam ultrices, libero non mattis pulvinar, nulla pede ullamcorper augue, a suscipit nulla elit ac nulla. Sed vel enim sit amet nunc viverra dapibus. Nulla suscipit ligula in lacus. Curabitur at ipsum ac tellus semper interdum. Mauris ullamcorper purus sit amet nulla. Quisque arcu libero, rutrum ac, lobortis vel, dapibus at, diam. Nam tristique tortor eu pede.', 10);
insert into classmodule (module_id, description, materials, timetable_id) values (11, 'Lorem ipsum dolor sit amet, consectetuer adipiscing elit.', 'Fusce consequat. Nulla nisl. Nunc nisl. Duis bibendum, felis sed interdum venenatis, turpis enim blandit mi, in porttitor pede justo eu massa. Donec dapibus. Duis at velit eu est congue elementum. In hac habitasse platea dictumst. Morbi vestibulum, velit id pretium iaculis, diam erat fermentum justo, nec condimentum neque sapien placerat ante. Nulla justo. Aliquam quis turpis eget elit sodales scelerisque. Mauris sit amet eros. Suspendisse accumsan tortor quis turpis. Sed ante. Vivamus tortor. Duis mattis egestas metus. Aenean fermentum. Donec ut mauris eget massa tempor convallis. Nulla neque libero, convallis eget, eleifend luctus, ultricies eu, nibh. Quisque id justo sit amet sapien dignissim vestibulum. Vestibulum ante ipsum primis in faucibus orci luctus et ultrices posuere cubilia Curae; Nulla dapibus dolor vel est.', 11);
insert into classmodule (module_id, description, materials, timetable_id) values (12, 'Donec posuere metus vitae ipsum. Aliquam non mauris. Morbi non lectus. Aliquam sit amet diam in magna bibendum imperdiet.', 'Duis at velit eu est congue elementum. In hac habitasse platea dictumst. Morbi vestibulum, velit id pretium iaculis, diam erat fermentum justo, nec condimentum neque sapien placerat ante. Nulla justo. Aliquam quis turpis eget elit sodales scelerisque. Mauris sit amet eros. Suspendisse accumsan tortor quis turpis. Sed ante. Vivamus tortor. Duis mattis egestas metus.', 12);
insert into classmodule (module_id, description, materials, timetable_id) values (13, 'Duis mattis egestas metus. Aenean fermentum. Donec ut mauris eget massa tempor convallis. Nulla neque libero, convallis eget, eleifend luctus, ultricies eu, nibh.', 'In hac habitasse platea dictumst. Aliquam augue quam, sollicitudin vitae, consectetuer eget, rutrum at, lorem. Integer tincidunt ante vel ipsum. Praesent blandit lacinia erat. Vestibulum sed magna at nunc commodo placerat. Praesent blandit. Nam nulla. Integer pede justo, lacinia eget, tincidunt eget, tempus vel, pede. Morbi porttitor lorem id ligula. Suspendisse ornare consequat lectus.', 13);
insert into classmodule (module_id, description, materials, timetable_id) values (14, 'In hac habitasse platea dictumst.', 'Suspendisse accumsan tortor quis turpis. Sed ante. Vivamus tortor. Duis mattis egestas metus. Aenean fermentum. Donec ut mauris eget massa tempor convallis. Nulla neque libero, convallis eget, eleifend luctus, ultricies eu, nibh. Quisque id justo sit amet sapien dignissim vestibulum. Vestibulum ante ipsum primis in faucibus orci luctus et ultrices posuere cubilia Curae; Nulla dapibus dolor vel est. Donec odio justo, sollicitudin ut, suscipit a, feugiat et, eros. Vestibulum ac est lacinia nisi venenatis tristique. Fusce congue, diam id ornare imperdiet, sapien urna pretium nisl, ut volutpat sapien arcu sed augue. Aliquam erat volutpat. In congue. Etiam justo. Etiam pretium iaculis justo. In hac habitasse platea dictumst. Etiam faucibus cursus urna.', 14);
insert into classmodule (module_id, description, materials, timetable_id) values (15, 'In blandit ultrices enim. Lorem ipsum dolor sit amet, consectetuer adipiscing elit.', 'Cum sociis natoque penatibus et magnis dis parturient montes, nascetur ridiculus mus. Vivamus vestibulum sagittis sapien. Cum sociis natoque penatibus et magnis dis parturient montes, nascetur ridiculus mus. Etiam vel augue. Vestibulum rutrum rutrum neque. Aenean auctor gravida sem. Praesent id massa id nisl venenatis lacinia. Aenean sit amet justo. Morbi ut odio. Cras mi pede, malesuada in, imperdiet et, commodo vulputate, justo. In blandit ultrices enim. Lorem ipsum dolor sit amet, consectetuer adipiscing elit. Proin interdum mauris non ligula pellentesque ultrices. Phasellus id sapien in sapien iaculis congue. Vivamus metus arcu, adipiscing molestie, hendrerit at, vulputate vitae, nisl. Aenean lectus. Pellentesque eget nunc. Donec quis orci eget orci vehicula condimentum. Curabitur in libero ut massa volutpat convallis. Morbi odio odio, elementum eu, interdum eu, tincidunt in, leo.', 15);
insert into classmodule (module_id, description, materials, timetable_id) values (16, 'Duis consequat dui nec nisi volutpat eleifend.', 'Cum sociis natoque penatibus et magnis dis parturient montes, nascetur ridiculus mus. Vivamus vestibulum sagittis sapien. Cum sociis natoque penatibus et magnis dis parturient montes, nascetur ridiculus mus. Etiam vel augue. Vestibulum rutrum rutrum neque. Aenean auctor gravida sem. Praesent id massa id nisl venenatis lacinia. Aenean sit amet justo. Morbi ut odio. Cras mi pede, malesuada in, imperdiet et, commodo vulputate, justo. In blandit ultrices enim. Lorem ipsum dolor sit amet, consectetuer adipiscing elit. Proin interdum mauris non ligula pellentesque ultrices.', 16);
insert into classmodule (module_id, description, materials, timetable_id) values (17, 'Pellentesque at nulla. Suspendisse potenti. Cras in purus eu magna vulputate luctus.', 'Cum sociis natoque penatibus et magnis dis parturient montes, nascetur ridiculus mus. Etiam vel augue. Vestibulum rutrum rutrum neque. Aenean auctor gravida sem. Praesent id massa id nisl venenatis lacinia. Aenean sit amet justo. Morbi ut odio. Cras mi pede, malesuada in, imperdiet et, commodo vulputate, justo. In blandit ultrices enim. Lorem ipsum dolor sit amet, consectetuer adipiscing elit. Proin interdum mauris non ligula pellentesque ultrices. Phasellus id sapien in sapien iaculis congue. Vivamus metus arcu, adipiscing molestie, hendrerit at, vulputate vitae, nisl. Aenean lectus. Pellentesque eget nunc. Donec quis orci eget orci vehicula condimentum. Curabitur in libero ut massa volutpat convallis.', 17);
insert into classmodule (module_id, description, materials, timetable_id) values (18, 'Nulla facilisi. Cras non velit nec nisi vulputate nonummy. Maecenas tincidunt lacus at velit.', 'Morbi quis tortor id nulla ultrices aliquet. Maecenas leo odio, condimentum id, luctus nec, molestie sed, justo. Pellentesque viverra pede ac diam. Cras pellentesque volutpat dui. Maecenas tristique, est et tempus semper, est quam pharetra magna, ac consequat metus sapien ut nunc. Vestibulum ante ipsum primis in faucibus orci luctus et ultrices posuere cubilia Curae; Mauris viverra diam vitae quam. Suspendisse potenti. Nullam porttitor lacus at turpis. Donec posuere metus vitae ipsum. Aliquam non mauris. Morbi non lectus. Aliquam sit amet diam in magna bibendum imperdiet. Nullam orci pede, venenatis non, sodales sed, tincidunt eu, felis. Fusce posuere felis sed lacus. Morbi sem mauris, laoreet ut, rhoncus aliquet, pulvinar sed, nisl. Nunc rhoncus dui vel sem. Sed sagittis. Nam congue, risus semper porta volutpat, quam pede lobortis ligula, sit amet eleifend pede libero quis orci. Nullam molestie nibh in lectus. Pellentesque at nulla.', 18);
insert into classmodule (module_id, description, materials, timetable_id) values (19, 'Sed accumsan felis. Ut at dolor quis odio consequat varius. Integer ac leo. Pellentesque ultrices mattis odio.', 'Proin eu mi. Nulla ac enim. In tempor, turpis nec euismod scelerisque, quam turpis adipiscing lorem, vitae mattis nibh ligula nec sem. Duis aliquam convallis nunc. Proin at turpis a pede posuere nonummy. Integer non velit. Donec diam neque, vestibulum eget, vulputate ut, ultrices vel, augue. Vestibulum ante ipsum primis in faucibus orci luctus et ultrices posuere cubilia Curae; Donec pharetra, magna vestibulum aliquet ultrices, erat tortor sollicitudin mi, sit amet lobortis sapien sapien non mi. Integer ac neque. Duis bibendum. Morbi non quam nec dui luctus rutrum. Nulla tellus.', 19);
insert into classmodule (module_id, description, materials, timetable_id) values (20, 'Aliquam erat volutpat. In congue.', 'Nullam molestie nibh in lectus. Pellentesque at nulla. Suspendisse potenti. Cras in purus eu magna vulputate luctus. Cum sociis natoque penatibus et magnis dis parturient montes, nascetur ridiculus mus. Vivamus vestibulum sagittis sapien. Cum sociis natoque penatibus et magnis dis parturient montes, nascetur ridiculus mus. Etiam vel augue. Vestibulum rutrum rutrum neque. Aenean auctor gravida sem. Praesent id massa id nisl venenatis lacinia. Aenean sit amet justo. Morbi ut odio. Cras mi pede, malesuada in, imperdiet et, commodo vulputate, justo.', 20);
insert into classmodule (module_id, description, materials, timetable_id) values (21, 'Sed ante. Vivamus tortor. Duis mattis egestas metus.', 'Lorem ipsum dolor sit amet, consectetuer adipiscing elit. Proin interdum mauris non ligula pellentesque ultrices. Phasellus id sapien in sapien iaculis congue. Vivamus metus arcu, adipiscing molestie, hendrerit at, vulputate vitae, nisl. Aenean lectus. Pellentesque eget nunc. Donec quis orci eget orci vehicula condimentum. Curabitur in libero ut massa volutpat convallis. Morbi odio odio, elementum eu, interdum eu, tincidunt in, leo. Maecenas pulvinar lobortis est. Phasellus sit amet erat. Nulla tempus. Vivamus in felis eu sapien cursus vestibulum. Proin eu mi. Nulla ac enim. In tempor, turpis nec euismod scelerisque, quam turpis adipiscing lorem, vitae mattis nibh ligula nec sem. Duis aliquam convallis nunc. Proin at turpis a pede posuere nonummy.', 21);
insert into classmodule (module_id, description, materials, timetable_id) values (22, 'Sed vel enim sit amet nunc viverra dapibus. Nulla suscipit ligula in lacus.', 'Nam congue, risus semper porta volutpat, quam pede lobortis ligula, sit amet eleifend pede libero quis orci. Nullam molestie nibh in lectus. Pellentesque at nulla. Suspendisse potenti. Cras in purus eu magna vulputate luctus. Cum sociis natoque penatibus et magnis dis parturient montes, nascetur ridiculus mus. Vivamus vestibulum sagittis sapien. Cum sociis natoque penatibus et magnis dis parturient montes, nascetur ridiculus mus. Etiam vel augue. Vestibulum rutrum rutrum neque.', 22);
insert into classmodule (module_id, description, materials, timetable_id) values (23, 'Nulla tellus. In sagittis dui vel nisl. Duis ac nibh.', 'Cum sociis natoque penatibus et magnis dis parturient montes, nascetur ridiculus mus. Vivamus vestibulum sagittis sapien. Cum sociis natoque penatibus et magnis dis parturient montes, nascetur ridiculus mus. Etiam vel augue. Vestibulum rutrum rutrum neque. Aenean auctor gravida sem. Praesent id massa id nisl venenatis lacinia. Aenean sit amet justo. Morbi ut odio. Cras mi pede, malesuada in, imperdiet et, commodo vulputate, justo. In blandit ultrices enim. Lorem ipsum dolor sit amet, consectetuer adipiscing elit. Proin interdum mauris non ligula pellentesque ultrices. Phasellus id sapien in sapien iaculis congue. Vivamus metus arcu, adipiscing molestie, hendrerit at, vulputate vitae, nisl. Aenean lectus.', 23);
insert into classmodule (module_id, description, materials, timetable_id) values (24, 'Sed sagittis. Nam congue, risus semper porta volutpat, quam pede lobortis ligula, sit amet eleifend pede libero quis orci.', 'Proin at turpis a pede posuere nonummy. Integer non velit. Donec diam neque, vestibulum eget, vulputate ut, ultrices vel, augue. Vestibulum ante ipsum primis in faucibus orci luctus et ultrices posuere cubilia Curae; Donec pharetra, magna vestibulum aliquet ultrices, erat tortor sollicitudin mi, sit amet lobortis sapien sapien non mi. Integer ac neque. Duis bibendum. Morbi non quam nec dui luctus rutrum. Nulla tellus. In sagittis dui vel nisl. Duis ac nibh. Fusce lacus purus, aliquet at, feugiat non, pretium quis, lectus. Suspendisse potenti. In eleifend quam a odio. In hac habitasse platea dictumst. Maecenas ut massa quis augue luctus tincidunt. Nulla mollis molestie lorem. Quisque ut erat. Curabitur gravida nisi at nibh. In hac habitasse platea dictumst.', 24);

UPDATE classmodule
SET description = "This is a description for this module which describes some stuff about the module.", materials = "This is the materials for this module and this shall include lecture recordings, lecture slides, lab sheets, coursework sheets and stuff like that.";

INSERT INTO exammarks VALUES
(1, 8, 70),
(1, 9, 71),
(2, 8, 72),
(2, 9, 73),
(5, 8, 74),
(5, 9, 75),
(25, 8, 76),
(25, 9, 77),
(3, 10, 78),
(3, 11, 79),
(3, 12, 80),
(3, 13, 81),
(11, 10, 82),
(11, 11, 83),
(11, 13, 84),
(20, 10, 85),
(20, 11, 86),
(20, 12, 87),
(20, 13, 88),
(6, 1, 89),
(6, 2, 90),
(6, 3, 39),
(6, 4, 40),
(8, 1, 41),
(8, 2, 42),
(8, 3, 43),
(10, 20, 44),
(10, 21, 45),
(10, 22, 46),
(16, 20, 47),
(16, 21, 48),
(16, 22, 49),
(21, 20, 50),
(21, 21, 51),
(21, 22, 52),
(14, 5, 53),
(14, 6, 54),
(14, 7, 55),
(22, 5, 56),
(22, 7, 57),
(24, 14, 58),
(24, 15, 59),
(24, 16, 60);

INSERT INTO usergroup VALUES
(1, "All Foundation Students"),
(2, "All UG Students"),
(3, "All PG Students"),
(4, "Business School"),
(5, "Economics School"),
(6, "Civil Engineering School"),
(7, "Chemical Engineering School");

INSERT INTO user_group VALUES
(1, 1),
(2, 1),
(5, 1),
(24, 1),
(25, 1),
(3, 2),
(6, 2),
(7, 2),
(8, 2),
(9, 2),
(10, 2),
(11, 2),
(12, 2),
(13, 2),
(16, 2),
(17, 2),
(18, 2),
(20, 2),
(21, 2),
(14, 3),
(22, 3),
(23, 3),
(6, 4),
(8, 4),
(12, 4),
(17, 4),
(14, 4),
(22, 4),
(1, 5),
(2, 5),
(3, 5),
(5, 5),
(9, 5),
(11, 5),
(13, 5),
(20, 5),
(25, 5),
(4, 6),
(7, 6),
(10, 6),
(16, 6),
(18, 6),
(19, 6),
(21, 6),
(23, 7),
(24, 7);

insert into notification (notification_id, author, text, datetime_sent) values (1, 7, 'Nulla suscipit ligula in lacus. Curabitur at ipsum ac tellus semper interdum.', '2022-01-04 23:10:18');
insert into notification (notification_id, author, text, datetime_sent) values (2, 17, 'Nullam orci pede, venenatis non, sodales sed, tincidunt eu, felis.', '2022-11-15 20:06:53');
insert into notification (notification_id, author, text, datetime_sent) values (3, 23, 'Suspendisse potenti.', '2022-05-05 01:12:31');
insert into notification (notification_id, author, text, datetime_sent) values (4, 7, 'Donec vitae nisi.', '2022-01-13 19:40:25');
insert into notification (notification_id, author, text, datetime_sent) values (5, 17, 'Etiam vel augue. Vestibulum rutrum rutrum neque. Aenean auctor gravida sem.', '2022-09-10 00:26:34');

INSERT INTO notification_user VALUES
(1, 1),
(2, 3),
(3, 8);

INSERT INTO notification_group VALUES
(4, 1),
(5, 2);
