USE unm_buddy;

INSERT INTO role VALUES 
(1, "Admin"),
(2, "Lecturer"),
(3, "Student"),
(4, "Applicant");

INSERT INTO address (address_id, address, city, postal_code, state) VALUES (1, '8436 Chinook Court', 'El Paso', '88541', 'Texas');
INSERT INTO address (address_id, address, city, postal_code, state) VALUES (2, '6 Nelson Circle', 'Seattle', '98175', 'Washington');
INSERT INTO address (address_id, address, city, postal_code, state) VALUES (3, '6143 Tennessee Park', 'Rochester', '14609', 'New York');
INSERT INTO address (address_id, address, city, postal_code, state) VALUES (4, '6011 Roth Trail', 'Duluth', '55811', 'Minnesota');
INSERT INTO address (address_id, address, city, postal_code, state) VALUES (5, '34997 Karstens Park', 'Saint Paul', '55172', 'Minnesota');
INSERT INTO address (address_id, address, city, postal_code, state) VALUES (6, '096 Fulton Lane', 'Greenville', '29610', 'South Carolina');
INSERT INTO address (address_id, address, city, postal_code, state) VALUES (7, '9 Oak Pass', 'Littleton', '80161', 'Colorado');
INSERT INTO address (address_id, address, city, postal_code, state) VALUES (8, '6960 Pennsylvania Circle', 'Tucson', '85725', 'Arizona');
INSERT INTO address (address_id, address, city, postal_code, state) VALUES (9, '68 Anderson Plaza', 'Washington', '20404', 'District of Columbia');
INSERT INTO address (address_id, address, city, postal_code, state) VALUES (10, '20803 Northridge Crossing', 'Roanoke', '24034', 'Virginia');
INSERT INTO address (address_id, address, city, postal_code, state) VALUES (11, '70040 Scott Hill', 'Boca Raton', '33499', 'Florida');
INSERT INTO address (address_id, address, city, postal_code, state) VALUES (12, '3360 Hollow Ridge Pass', 'Pittsburgh', '15286', 'Pennsylvania');
INSERT INTO address (address_id, address, city, postal_code, state) VALUES (13, '9070 Hermina Crossing', 'Tampa', '33605', 'Florida');
INSERT INTO address (address_id, address, city, postal_code, state) VALUES (14, '8131 Red Cloud Terrace', 'Jamaica', '11436', 'New York');
INSERT INTO address (address_id, address, city, postal_code, state) VALUES (15, '390 Garrison Crossing', 'Atlanta', '31196', 'Georgia');
INSERT INTO address (address_id, address, city, postal_code, state) VALUES (16, '741 Bartillon Place', 'Houston', '77080', 'Texas');
INSERT INTO address (address_id, address, city, postal_code, state) VALUES (17, '97020 Declaration Way', 'Indianapolis', '46221', 'Indiana');
INSERT INTO address (address_id, address, city, postal_code, state) VALUES (18, '53852 Judy Road', 'Portland', '97201', 'Oregon');
INSERT INTO address (address_id, address, city, postal_code, state) VALUES (19, '89 Manufacturers Pass', 'Denver', '80279', 'Colorado');
INSERT INTO address (address_id, address, city, postal_code, state) VALUES (20, '7335 Sommers Pass', 'Flushing', '11388', 'New York');
INSERT INTO address (address_id, address, city, postal_code, state) VALUES (21, '334 New Castle Street', 'Mesa', '85210', 'Arizona');
INSERT INTO address (address_id, address, city, postal_code, state) VALUES (22, '1978 Moland Avenue', 'Lexington', '40515', 'Kentucky');
INSERT INTO address (address_id, address, city, postal_code, state) VALUES (23, '83686 Independence Street', 'Memphis', '38181', 'Tennessee');
INSERT INTO address (address_id, address, city, postal_code, state) VALUES (24, '66 Judy Junction', 'Richmond', '23272', 'Virginia');
INSERT INTO address (address_id, address, city, postal_code, state) VALUES (25, '7904 Manitowish Junction', 'Fresno', '93778', 'California');
INSERT INTO address (address_id, address, city, postal_code, state) VALUES (26, '2 Dwight Place', 'Aurora', '80045', 'Colorado');
INSERT INTO address (address_id, address, city, postal_code, state) VALUES (27, '2255 Hanover Street', 'San Francisco', '94159', 'California');
INSERT INTO address (address_id, address, city, postal_code, state) VALUES (28, '313 Ramsey Center', 'Hartford', '06145', 'Connecticut');
INSERT INTO address (address_id, address, city, postal_code, state) VALUES (29, '866 Loftsgordon Parkway', 'Delray Beach', '33448', 'Florida');
INSERT INTO address (address_id, address, city, postal_code, state) VALUES (30, '76 Pleasure Pass', 'Bronx', '10469', 'New York');
INSERT INTO address (address_id, address, city, postal_code, state) VALUES (31, '6139 Moose Plaza', 'San Jose', '95138', 'California');
INSERT INTO address (address_id, address, city, postal_code, state) VALUES (32, '4173 3rd Lane', 'Chicago', '60630', 'Illinois');
INSERT INTO address (address_id, address, city, postal_code, state) VALUES (33, '59 Elgar Lane', 'Houston', '77095', 'Texas');
INSERT INTO address (address_id, address, city, postal_code, state) VALUES (34, '1 Loomis Point', 'El Paso', '79945', 'Texas');
INSERT INTO address (address_id, address, city, postal_code, state) VALUES (35, '76 Knutson Park', 'Louisville', '40220', 'Kentucky');
INSERT INTO address (address_id, address, city, postal_code, state) VALUES (36, '685 Packers Park', 'Columbus', '31904', 'Georgia');
INSERT INTO address (address_id, address, city, postal_code, state) VALUES (37, '15127 Grover Park', 'Orange', '92862', 'California');
INSERT INTO address (address_id, address, city, postal_code, state) VALUES (38, '50522 Basil Alley', 'Panama City', '32405', 'Florida');
INSERT INTO address (address_id, address, city, postal_code, state) VALUES (39, '2490 Hanover Pass', 'Cleveland', '44177', 'Ohio');
INSERT INTO address (address_id, address, city, postal_code, state) VALUES (40, '322 Truax Way', 'Dallas', '75353', 'Texas');
INSERT INTO address (address_id, address, city, postal_code, state) VALUES (41, '8 Spohn Alley', 'Wichita', '67230', 'Kansas');
INSERT INTO address (address_id, address, city, postal_code, state) VALUES (42, '61827 Lunder Alley', 'Montgomery', '36177', 'Alabama');
INSERT INTO address (address_id, address, city, postal_code, state) VALUES (43, '669 Corscot Court', 'Huntington', '25770', 'West Virginia');
INSERT INTO address (address_id, address, city, postal_code, state) VALUES (44, '67624 Golf Course Way', 'Peoria', '85383', 'Arizona');
INSERT INTO address (address_id, address, city, postal_code, state) VALUES (45, '25867 Karstens Circle', 'Norfolk', '23551', 'Virginia');
INSERT INTO address (address_id, address, city, postal_code, state) VALUES (46, '680 Rowland Alley', 'Dallas', '75246', 'Texas');
INSERT INTO address (address_id, address, city, postal_code, state) VALUES (47, '5958 Mayer Park', 'Mobile', '36622', 'Alabama');
INSERT INTO address (address_id, address, city, postal_code, state) VALUES (48, '31402 Quincy Plaza', 'Honolulu', '96840', 'Hawaii');
INSERT INTO address (address_id, address, city, postal_code, state) VALUES (49, '64749 Karstens Point', 'Winston Salem', '27157', 'North Carolina');
INSERT INTO address (address_id, address, city, postal_code, state) VALUES (50, '118 Lindbergh Crossing', 'Largo', '33777', 'Florida');

INSERT INTO emergency_contact (contact_id, name, relationship, email, phone_number) VALUES (1, 'Bennie Kenelin', 'Female', 'bkenelin0@unicef.org', '264-837-5594');
INSERT INTO emergency_contact (contact_id, name, relationship, email, phone_number) VALUES (2, 'Renaldo Layzell', 'Male', 'rlayzell1@engadget.com', '939-376-8146');
INSERT INTO emergency_contact (contact_id, name, relationship, email, phone_number) VALUES (3, 'Wileen Bolt', 'Female', 'wbolt2@a8.net', '513-178-4752');
INSERT INTO emergency_contact (contact_id, name, relationship, email, phone_number) VALUES (4, 'Cornela Whorlton', 'Male', 'cwhorlton3@trellian.com', '362-180-1854');
INSERT INTO emergency_contact (contact_id, name, relationship, email, phone_number) VALUES (5, 'Sheilakathryn Hitzmann', 'Male', 'shitzmann4@sbwire.com', '609-907-1864');
INSERT INTO emergency_contact (contact_id, name, relationship, email, phone_number) VALUES (6, 'Emmalee Oxlee', 'Male', 'eoxlee5@elpais.com', '712-665-9942');
INSERT INTO emergency_contact (contact_id, name, relationship, email, phone_number) VALUES (7, 'Nat Comiam', 'Female', 'ncomiam6@hibu.com', '311-858-9037');
INSERT INTO emergency_contact (contact_id, name, relationship, email, phone_number) VALUES (8, 'Anabel Swanne', 'Female', 'aswanne7@imgur.com', '171-270-4494');
INSERT INTO emergency_contact (contact_id, name, relationship, email, phone_number) VALUES (9, 'Myrwyn Davioud', 'Female', 'mdavioud8@army.mil', '402-712-6041');
INSERT INTO emergency_contact (contact_id, name, relationship, email, phone_number) VALUES (10, 'Minnaminnie Molnar', 'Male', 'mmolnar9@unesco.org', '420-692-5944');
INSERT INTO emergency_contact (contact_id, name, relationship, email, phone_number) VALUES (11, 'Alfie Balharrie', 'Male', 'abalharriea@t-online.de', '486-944-1802');
INSERT INTO emergency_contact (contact_id, name, relationship, email, phone_number) VALUES (12, 'Byran Sumsion', 'Female', 'bsumsionb@stumbleupon.com', '975-628-6678');
INSERT INTO emergency_contact (contact_id, name, relationship, email, phone_number) VALUES (13, 'Corrinne Templeman', 'Female', 'ctemplemanc@homestead.com', '746-681-7770');
INSERT INTO emergency_contact (contact_id, name, relationship, email, phone_number) VALUES (14, 'Nola Greenhowe', 'Male', 'ngreenhowed@webs.com', '581-667-4586');
INSERT INTO emergency_contact (contact_id, name, relationship, email, phone_number) VALUES (15, 'Eldin Layzell', 'Male', 'elayzelle@craigslist.org', '517-849-5339');
INSERT INTO emergency_contact (contact_id, name, relationship, email, phone_number) VALUES (16, 'Corrine Buggs', 'Male', 'cbuggsf@va.gov', '153-704-9358');
INSERT INTO emergency_contact (contact_id, name, relationship, email, phone_number) VALUES (17, 'Lelia Bubbear', 'Female', 'lbubbearg@phoca.cz', '423-792-3735');
INSERT INTO emergency_contact (contact_id, name, relationship, email, phone_number) VALUES (18, 'Berkeley Caherny', 'Male', 'bcahernyh@hatena.ne.jp', '825-805-9111');
INSERT INTO emergency_contact (contact_id, name, relationship, email, phone_number) VALUES (19, 'Rollins Pochet', 'Female', 'rpocheti@deviantart.com', '477-568-9548');
INSERT INTO emergency_contact (contact_id, name, relationship, email, phone_number) VALUES (20, 'Terencio Avramovsky', 'Female', 'tavramovskyj@bloomberg.com', '752-466-3250');
INSERT INTO emergency_contact (contact_id, name, relationship, email, phone_number) VALUES (21, 'Ned Bellows', 'Male', 'nbellowsk@cocolog-nifty.com', '813-565-9135');
INSERT INTO emergency_contact (contact_id, name, relationship, email, phone_number) VALUES (22, 'Vernor McDougal', 'Male', 'vmcdougall@state.gov', '518-285-0321');
INSERT INTO emergency_contact (contact_id, name, relationship, email, phone_number) VALUES (23, 'Diannne Pettyfer', 'Male', 'dpettyferm@skype.com', '441-236-7467');
INSERT INTO emergency_contact (contact_id, name, relationship, email, phone_number) VALUES (24, 'Erich Gauld', 'Male', 'egauldn@ycombinator.com', '592-428-8467');
INSERT INTO emergency_contact (contact_id, name, relationship, email, phone_number) VALUES (25, 'Caryl O''Hartnedy', 'Male', 'cohartnedyo@zdnet.com', '367-297-3316');
INSERT INTO emergency_contact (contact_id, name, relationship, email, phone_number) VALUES (26, 'Marje Suddock', 'Female', 'msuddockp@123-reg.co.uk', '433-612-8327');
INSERT INTO emergency_contact (contact_id, name, relationship, email, phone_number) VALUES (27, 'Shalne Baudinot', 'Female', 'sbaudinotq@uiuc.edu', '680-736-3945');
INSERT INTO emergency_contact (contact_id, name, relationship, email, phone_number) VALUES (28, 'Shaun Warin', 'Male', 'swarinr@archive.org', '770-101-8693');
INSERT INTO emergency_contact (contact_id, name, relationship, email, phone_number) VALUES (29, 'Lorilee Kubista', 'Male', 'lkubistas@php.net', '385-692-5148');
INSERT INTO emergency_contact (contact_id, name, relationship, email, phone_number) VALUES (30, 'Yoshiko Borsi', 'Female', 'yborsit@yahoo.co.jp', '198-883-7021');
INSERT INTO emergency_contact (contact_id, name, relationship, email, phone_number) VALUES (31, 'Estrella Matteris', 'Male', 'ematterisu@cmu.edu', '186-961-7832');
INSERT INTO emergency_contact (contact_id, name, relationship, email, phone_number) VALUES (32, 'Sibley Roke', 'Female', 'srokev@quantcast.com', '611-932-9073');
INSERT INTO emergency_contact (contact_id, name, relationship, email, phone_number) VALUES (33, 'Colet Jaan', 'Male', 'cjaanw@slate.com', '935-448-2604');
INSERT INTO emergency_contact (contact_id, name, relationship, email, phone_number) VALUES (34, 'Nanete Bernadzki', 'Male', 'nbernadzkix@edublogs.org', '883-933-0551');
INSERT INTO emergency_contact (contact_id, name, relationship, email, phone_number) VALUES (35, 'Lucila Mundall', 'Male', 'lmundally@cisco.com', '847-950-0767');
INSERT INTO emergency_contact (contact_id, name, relationship, email, phone_number) VALUES (36, 'Ailsun Mynott', 'Female', 'amynottz@comsenz.com', '238-909-3183');
INSERT INTO emergency_contact (contact_id, name, relationship, email, phone_number) VALUES (37, 'Dorie Ricker', 'Female', 'dricker10@uol.com.br', '863-507-3399');
INSERT INTO emergency_contact (contact_id, name, relationship, email, phone_number) VALUES (38, 'Elinore Saphin', 'Female', 'esaphin11@omniture.com', '598-980-4304');
INSERT INTO emergency_contact (contact_id, name, relationship, email, phone_number) VALUES (39, 'Alister Witcomb', 'Male', 'awitcomb12@newsvine.com', '883-136-4577');
INSERT INTO emergency_contact (contact_id, name, relationship, email, phone_number) VALUES (40, 'Ermentrude Maffia', 'Female', 'emaffia13@techcrunch.com', '488-865-6548');
INSERT INTO emergency_contact (contact_id, name, relationship, email, phone_number) VALUES (41, 'Maryl Justun', 'Male', 'mjustun14@xing.com', '479-139-5019');
INSERT INTO emergency_contact (contact_id, name, relationship, email, phone_number) VALUES (42, 'Seumas Farragher', 'Male', 'sfarragher15@nba.com', '597-568-3301');
INSERT INTO emergency_contact (contact_id, name, relationship, email, phone_number) VALUES (43, 'Maridel Sumpton', 'Male', 'msumpton16@yolasite.com', '600-280-0021');
INSERT INTO emergency_contact (contact_id, name, relationship, email, phone_number) VALUES (44, 'Hugibert Mathiasen', 'Female', 'hmathiasen17@irs.gov', '585-992-6315');
INSERT INTO emergency_contact (contact_id, name, relationship, email, phone_number) VALUES (45, 'Elmo Danes', 'Male', 'edanes18@blogs.com', '383-274-2572');
INSERT INTO emergency_contact (contact_id, name, relationship, email, phone_number) VALUES (46, 'Lamar Holligan', 'Male', 'lholligan19@nhs.uk', '800-628-3218');
INSERT INTO emergency_contact (contact_id, name, relationship, email, phone_number) VALUES (47, 'Pierson Ellissen', 'Male', 'pellissen1a@trellian.com', '396-853-0433');
INSERT INTO emergency_contact (contact_id, name, relationship, email, phone_number) VALUES (48, 'Boot Chiswell', 'Male', 'bchiswell1b@drupal.org', '519-209-2532');
INSERT INTO emergency_contact (contact_id, name, relationship, email, phone_number) VALUES (49, 'Chrotoem Scawton', 'Male', 'cscawton1c@mapquest.com', '695-333-9106');
INSERT INTO emergency_contact (contact_id, name, relationship, email, phone_number) VALUES (50, 'Merola Clarycott', 'Male', 'mclarycott1d@cocolog-nifty.com', '639-776-4667');

UPDATE emergency_contact
SET relationship = "Father" WHERE relationship = "Male";
UPDATE emergency_contact
SET relationship = "Mother" WHERE relationship = "Female";

INSERT INTO faculty VALUES
(1, "Arts and Social Sciences"),
(2, "Engineering");

INSERT INTO school VALUES
(1, "Business", 1),
(2, "Economics", 1),
(3, "Civil Engineering", 2),
(4, "Chemical Engineering", 2);

INSERT INTO courselevel VALUES
(1, "Foundation"),
(2, "UG"),
(3, "PG"),
(4, "PHD");

INSERT INTO courseintake VALUES
(1, "September"),
(2, "February"),
(3, "April");

INSERT INTO course VALUES
(1, "BBEF2022", "Business Economics and Finance BSc (Hons)", 2, 1, 1, 3, NULL, 1, 2022, 39700),
(2, "MBM2022", "Business and Management MSc", 3, 1, 1, 1, NULL, 1, 2022, 48800),
(3, "FBM2022", "Foundation in Business and Management", 1, 2, 1, 1, NULL, 3, 2022, 17600),
(4, "BEIE2022", "Economics and International Economoics BSc (Hons)", 2, 2, 1, 3, NULL, 1, 2022, 38400),
(5, "FENG2022", "Foundation in Engineering", 1, 4, 2, 1, NULL, 3, 2022, 19800),
(6, "BCVE2022", "Civil Engineering BEng", 1, 3, 2, 3, NULL, 1, 2022, 50400),
(7, "BCHEEE2022", "Chemical Engineering with Environmental Engineering BEng", 2, 3, 2, 3, NULL, 1, 2022, 50400),
(8, "MCHE2022", "Chemical Engineering MSc", 3, 4, 2, 1, 2, 1, 2022, 54900);

INSERT INTO semester VALUES
(1, "Full year"),
(2, "Autumn"),
(3, "Spring"),
(4, "Summer");

INSERT INTO module VALUES
(1, "NUBS1000", "Business Finance", true, 1, 2, 1, 20),
(2, "NUBS2000", "Corporate Finance", true, 1, 3, 2, 20),
(3, "NUBS3000", "Business Ethics and Sustainability", true, 1, 1, 3, 20),
(4, "NUBS3001", "Financial Economies", false, 1, 3, 3, 10),
(5, "NUBS4000", "Managerial Economics", true, 2, 2, 1, 20),
(6, "NUBS4001", "Human Resource Management", false, 2, 3, 1, 10),
(7, "NUBS4002", "Research Methods for Management Studies", true, 2, 3, 1, 20),
(8, "FASS0000", "Computer Basics and Operations Decisions", true, 3, 4, 1, 20),
(9, "FASS0001", "Contemporary Global Issues", true, 3, 2, 1, 20),
(10, "NSE1000", "Introduction to Microeconomics", true, 4, 2, 1, 20),
(11, "NSE2000", "International Trade", true, 4, 2, 2, 20),
(12, "NSE2001", "Development Economics", false, 4, 3, 2, 10),
(13, "NSE3000", "Economic Dissertation", true, 4, 1, 3, 20),
(14, "FOE0000", "Light, Waves and Electrons", true, 5, 4, 1, 20),
(15, "FOE0001", "Mechanics and Matter", true, 5, 2, 1, 20),
(16, "FOE0002", "Programming for Engineers", true, 5, 3, 1, 20),
(17, "DCVE1000", "Geotechnics 1", true, 6, 2, 1, 20),
(18, "DCVE2000", "Fundamentals of Materials", true, 6, 3, 2, 20),
(19, "DCVE3000", "Structural Concrete Design", true, 6, 1, 3, 20),
(20, "DCHE1000", "Chemistry for Engineers", true, 7, 2, 1, 20),
(21, "DCHE2000", "Analytical Measurement", true, 7, 1, 2, 20),
(22, "DCHE3000", "Air Pollution", true, 7, 1, 3, 20),
(23, "DCHE4000", "Group Design Project", true, 8, 1, 1, 20),
(24, "DCHE4001", "Advanced Biochemical Engineering", false, 8, 2, 1, 20);

INSERT INTO unm_user (user_id, role_id, first_name, last_name, gender, date_of_birth, personal_email, uni_email, phone_number, picture, username, password, address_id, emergency_contact_id, course_id, active_status) VALUES (1, 3, 'Horton', 'Coundley', true, '2021-11-22', 'hcoundley0@home.pl', 'hcoundley0@hugedomains.com', '250-907-3416', 'http://dummyimage.com/203x100.png/5fa2dd/ffffff', 'rvrbas24', 'YZ8XMyOj', 1, 1, 6, true);
INSERT INTO unm_user (user_id, role_id, first_name, last_name, gender, date_of_birth, personal_email, uni_email, phone_number, picture, username, password, address_id, emergency_contact_id, course_id, active_status) VALUES (2, 3, 'Charlean', 'Rushby', true, '2021-12-19', 'crushby1@digg.com', 'crushby1@spotify.com', '690-688-8565', 'http://dummyimage.com/154x100.png/ff4444/ffffff', 'mqjtxd72', 'gOHVo4n', 2, 2, 4, false);
INSERT INTO unm_user (user_id, role_id, first_name, last_name, gender, date_of_birth, personal_email, uni_email, phone_number, picture, username, password, address_id, emergency_contact_id, course_id, active_status) VALUES (3, 3, 'Cullin', 'Frise', true, '2021-03-22', 'cfrise2@cargocollective.com', 'cfrise2@icio.us', '409-448-4899', 'http://dummyimage.com/187x100.png/cc0000/ffffff', 'xplpjy30', 'yvRqyW16C4', 3, 3, 2, false);
INSERT INTO unm_user (user_id, role_id, first_name, last_name, gender, date_of_birth, personal_email, uni_email, phone_number, picture, username, password, address_id, emergency_contact_id, course_id, active_status) VALUES (4, 3, 'Carilyn', 'Esp', false, '2022-01-14', 'cesp3@mail.ru', 'cesp3@github.io', '879-238-5038', 'http://dummyimage.com/150x100.png/ff4444/ffffff', 'plicga48', 'vER6wR7ef', 4, 4, 1, false);
INSERT INTO unm_user (user_id, role_id, first_name, last_name, gender, date_of_birth, personal_email, uni_email, phone_number, picture, username, password, address_id, emergency_contact_id, course_id, active_status) VALUES (5, 3, 'Rycca', 'Byrkmyr', false, '2021-06-15', 'rbyrkmyr4@ucsd.edu', 'rbyrkmyr4@nyu.edu', '573-410-4451', 'http://dummyimage.com/230x100.png/cc0000/ffffff', 'rpnppy64', '9D84jOU', 5, 5, 1, true);
INSERT INTO unm_user (user_id, role_id, first_name, last_name, gender, date_of_birth, personal_email, uni_email, phone_number, picture, username, password, address_id, emergency_contact_id, course_id, active_status) VALUES (6, 4, 'Papageno', 'Philipsson', false, '2021-04-05', 'pphilipsson5@is.gd', 'pphilipsson5@purevolume.com', '264-413-9958', 'http://dummyimage.com/239x100.png/ff4444/ffffff', 'mangcj55', 'zojRVW4S02', 6, 6, 8, true);
INSERT INTO unm_user (user_id, role_id, first_name, last_name, gender, date_of_birth, personal_email, uni_email, phone_number, picture, username, password, address_id, emergency_contact_id, course_id, active_status) VALUES (7, 3, 'Dniren', 'Mattecot', false, '2021-08-19', 'dmattecot6@google.ca', 'dmattecot6@springer.com', '959-269-2608', 'http://dummyimage.com/136x100.png/dddddd/000000', 'dtqafw19', 'aFu2vO1fjO', 7, 7, 6, false);
INSERT INTO unm_user (user_id, role_id, first_name, last_name, gender, date_of_birth, personal_email, uni_email, phone_number, picture, username, password, address_id, emergency_contact_id, course_id, active_status) VALUES (8, 3, 'Minta', 'Wadworth', false, '2021-06-09', 'mwadworth7@pagesperso-orange.fr', 'mwadworth7@dell.com', '659-656-1789', 'http://dummyimage.com/250x100.png/dddddd/000000', 'kdqgwv37', 'kOZO2yu', 8, 8, 7, false);
INSERT INTO unm_user (user_id, role_id, first_name, last_name, gender, date_of_birth, personal_email, uni_email, phone_number, picture, username, password, address_id, emergency_contact_id, course_id, active_status) VALUES (9, 1, 'Sonnie', 'Duigenan', false, '2021-09-28', 'sduigenan8@google.co.jp', 'sduigenan8@webeden.co.uk', '562-293-8757', 'http://dummyimage.com/181x100.png/cc0000/ffffff', 'amqubh29', 'IS27Pn28u2', 9, 9, 2, false);
INSERT INTO unm_user (user_id, role_id, first_name, last_name, gender, date_of_birth, personal_email, uni_email, phone_number, picture, username, password, address_id, emergency_contact_id, course_id, active_status) VALUES (10, 3, 'Yance', 'Eborn', false, '2021-12-19', 'yeborn9@delicious.com', 'yeborn9@i2i.jp', '478-191-9985', 'http://dummyimage.com/247x100.png/ff4444/ffffff', 'bxzwei23', 'E2oNbp7h', 10, 10, 6, false);
INSERT INTO unm_user (user_id, role_id, first_name, last_name, gender, date_of_birth, personal_email, uni_email, phone_number, picture, username, password, address_id, emergency_contact_id, course_id, active_status) VALUES (11, 3, 'Hunter', 'Lewton', false, '2021-07-04', 'hlewtona@plala.or.jp', 'hlewtona@sun.com', '397-134-9844', 'http://dummyimage.com/131x100.png/cc0000/ffffff', 'zrvhcx99', 'DL1s46w8KW', 11, 11, 2, false);
INSERT INTO unm_user (user_id, role_id, first_name, last_name, gender, date_of_birth, personal_email, uni_email, phone_number, picture, username, password, address_id, emergency_contact_id, course_id, active_status) VALUES (12, 3, 'Idaline', 'Bende', false, '2021-06-12', 'ibendeb@cdbaby.com', 'ibendeb@bloomberg.com', '413-150-9574', 'http://dummyimage.com/150x100.png/cc0000/ffffff', 'uhwtyj39', 'rifQUo2eLDn', 12, 12, 1, false);
INSERT INTO unm_user (user_id, role_id, first_name, last_name, gender, date_of_birth, personal_email, uni_email, phone_number, picture, username, password, address_id, emergency_contact_id, course_id, active_status) VALUES (13, 3, 'Peterus', 'Fain', false, '2021-08-26', 'pfainc@cyberchimps.com', 'pfainc@multiply.com', '747-657-2858', 'http://dummyimage.com/216x100.png/dddddd/000000', 'ixwsgs01', 'Fm6T1rFNbcTi', 13, 13, 5, true);
INSERT INTO unm_user (user_id, role_id, first_name, last_name, gender, date_of_birth, personal_email, uni_email, phone_number, picture, username, password, address_id, emergency_contact_id, course_id, active_status) VALUES (14, 3, 'Luella', 'Foran', true, '2022-01-25', 'lforand@sitemeter.com', 'lforand@hibu.com', '229-920-5530', 'http://dummyimage.com/104x100.png/cc0000/ffffff', 'ujeewr17', 'xUQZipb6', 14, 14, 2, false);
INSERT INTO unm_user (user_id, role_id, first_name, last_name, gender, date_of_birth, personal_email, uni_email, phone_number, picture, username, password, address_id, emergency_contact_id, course_id, active_status) VALUES (15, 3, 'Filbert', 'Hankard', true, '2021-03-13', 'fhankarde@free.fr', 'fhankarde@blinklist.com', '973-741-8143', 'http://dummyimage.com/102x100.png/ff4444/ffffff', 'ttvkfh36', 'f6N1YcQq8', 15, 15, 8, false);
INSERT INTO unm_user (user_id, role_id, first_name, last_name, gender, date_of_birth, personal_email, uni_email, phone_number, picture, username, password, address_id, emergency_contact_id, course_id, active_status) VALUES (16, 3, 'Giavani', 'Martlew', true, '2022-01-13', 'gmartlewf@abc.net.au', 'gmartlewf@xinhuanet.com', '250-713-9008', 'http://dummyimage.com/132x100.png/dddddd/000000', 'ydpovq47', 'VAhuFUFy', 16, 16, 3, true);
INSERT INTO unm_user (user_id, role_id, first_name, last_name, gender, date_of_birth, personal_email, uni_email, phone_number, picture, username, password, address_id, emergency_contact_id, course_id, active_status) VALUES (17, 3, 'Dreddy', 'Culleton', false, '2021-06-24', 'dculletong@hao123.com', 'dculletong@ca.gov', '678-906-6315', 'http://dummyimage.com/175x100.png/dddddd/000000', 'ddtvoe32', 'Lgb3dy', 17, 17, 3, false);
INSERT INTO unm_user (user_id, role_id, first_name, last_name, gender, date_of_birth, personal_email, uni_email, phone_number, picture, username, password, address_id, emergency_contact_id, course_id, active_status) VALUES (18, 3, 'Jolie', 'Whiscard', false, '2021-11-11', 'jwhiscardh@over-blog.com', 'jwhiscardh@seesaa.net', '360-932-5046', 'http://dummyimage.com/178x100.png/5fa2dd/ffffff', 'yjvsdk12', 'cPYSi4jd', 18, 18, 7, true);
INSERT INTO unm_user (user_id, role_id, first_name, last_name, gender, date_of_birth, personal_email, uni_email, phone_number, picture, username, password, address_id, emergency_contact_id, course_id, active_status) VALUES (19, 3, 'Margalit', 'Cowhig', true, '2021-03-19', 'mcowhigi@posterous.com', 'mcowhigi@theglobeandmail.com', '384-620-3165', 'http://dummyimage.com/115x100.png/cc0000/ffffff', 'xqqeap75', 'O00gmClSS2', 19, 19, 5, true);
INSERT INTO unm_user (user_id, role_id, first_name, last_name, gender, date_of_birth, personal_email, uni_email, phone_number, picture, username, password, address_id, emergency_contact_id, course_id, active_status) VALUES (20, 3, 'Lyndsey', 'Laxton', true, '2021-07-13', 'llaxtonj@google.nl', 'llaxtonj@livejournal.com', '264-318-4405', 'http://dummyimage.com/150x100.png/5fa2dd/ffffff', 'ebewsv30', 'bnxCRKCRf', 20, 20, 7, false);
INSERT INTO unm_user (user_id, role_id, first_name, last_name, gender, date_of_birth, personal_email, uni_email, phone_number, picture, username, password, address_id, emergency_contact_id, course_id, active_status) VALUES (21, 3, 'Coop', 'Kiera', false, '2021-09-21', 'ckierak@apple.com', 'ckierak@dailymail.co.uk', '125-798-8955', 'http://dummyimage.com/140x100.png/5fa2dd/ffffff', 'ildtux23', 'Sh2xOM7J7', 21, 21, 7, true);
INSERT INTO unm_user (user_id, role_id, first_name, last_name, gender, date_of_birth, personal_email, uni_email, phone_number, picture, username, password, address_id, emergency_contact_id, course_id, active_status) VALUES (22, 2, 'Eziechiele', 'Brosius', true, '2021-03-29', 'ebrosiusl@networkadvertising.org', 'ebrosiusl@biglobe.ne.jp', '820-555-5619', 'http://dummyimage.com/161x100.png/cc0000/ffffff', 'qgvdaw46', 'rkelGlr', 22, 22, 8, false);
INSERT INTO unm_user (user_id, role_id, first_name, last_name, gender, date_of_birth, personal_email, uni_email, phone_number, picture, username, password, address_id, emergency_contact_id, course_id, active_status) VALUES (23, 3, 'Legra', 'Horsewood', true, '2021-04-18', 'lhorsewoodm@networksolutions.com', 'lhorsewoodm@telegraph.co.uk', '901-627-8158', 'http://dummyimage.com/119x100.png/dddddd/000000', 'cstawg59', 'l6lQfB0ID', 23, 23, 3, true);
INSERT INTO unm_user (user_id, role_id, first_name, last_name, gender, date_of_birth, personal_email, uni_email, phone_number, picture, username, password, address_id, emergency_contact_id, course_id, active_status) VALUES (24, 3, 'Laureen', 'Midner', true, '2021-08-12', 'lmidnern@dailymail.co.uk', 'lmidnern@etsy.com', '674-811-3973', 'http://dummyimage.com/179x100.png/dddddd/000000', 'rzozwo03', 'vFzNFIPsWD', 24, 24, 8, true);
INSERT INTO unm_user (user_id, role_id, first_name, last_name, gender, date_of_birth, personal_email, uni_email, phone_number, picture, username, password, address_id, emergency_contact_id, course_id, active_status) VALUES (25, 3, 'Josephina', 'Shortin', false, '2021-05-18', 'jshortino@bloglovin.com', 'jshortino@auda.org.au', '614-639-7709', 'http://dummyimage.com/159x100.png/cc0000/ffffff', 'jpfwkv28', 'MYBy29sf', 25, 25, 2, null);
INSERT INTO unm_user (user_id, role_id, first_name, last_name, gender, date_of_birth, personal_email, uni_email, phone_number, picture, username, password, address_id, emergency_contact_id, course_id, active_status) VALUES (26, 1, 'Fredericka', 'Cattlemull', false, '2021-05-07', 'fcattlemullp@liveinternet.ru', 'fcattlemullp@cocolog-nifty.com', '514-419-8942', 'http://dummyimage.com/182x100.png/ff4444/ffffff', 'xzuqnk57', 'KSJ4y1Na', 26, 26, 3, true);
INSERT INTO unm_user (user_id, role_id, first_name, last_name, gender, date_of_birth, personal_email, uni_email, phone_number, picture, username, password, address_id, emergency_contact_id, course_id, active_status) VALUES (27, 3, 'Leslie', 'McDavid', true, '2021-09-06', 'lmcdavidq@jalbum.net', 'lmcdavidq@mac.com', '310-296-7938', 'http://dummyimage.com/158x100.png/dddddd/000000', 'tuebgx76', 'fidCjY4Dqd', 27, 27, 1, true);
INSERT INTO unm_user (user_id, role_id, first_name, last_name, gender, date_of_birth, personal_email, uni_email, phone_number, picture, username, password, address_id, emergency_contact_id, course_id, active_status) VALUES (28, 3, 'Thedric', 'Midner', true, '2022-02-10', 'tmidnerr@youtube.com', 'tmidnerr@auda.org.au', '814-382-0174', 'http://dummyimage.com/217x100.png/cc0000/ffffff', 'secgcw38', 'RuACV0T', 28, 28, 3, false);
INSERT INTO unm_user (user_id, role_id, first_name, last_name, gender, date_of_birth, personal_email, uni_email, phone_number, picture, username, password, address_id, emergency_contact_id, course_id, active_status) VALUES (29, 3, 'Panchito', 'Kalinke', false, '2021-05-24', 'pkalinkes@wikimedia.org', 'pkalinkes@xrea.com', '879-313-4533', 'http://dummyimage.com/180x100.png/5fa2dd/ffffff', 'tibdcx20', 'ZgkvRQBr4', 29, 29, 1, null);
INSERT INTO unm_user (user_id, role_id, first_name, last_name, gender, date_of_birth, personal_email, uni_email, phone_number, picture, username, password, address_id, emergency_contact_id, course_id, active_status) VALUES (30, 3, 'Efren', 'Schwandt', false, '2021-06-13', 'eschwandtt@berkeley.edu', 'eschwandtt@godaddy.com', '451-334-4149', 'http://dummyimage.com/176x100.png/dddddd/000000', 'uzdxbb23', 'wlKuHTW', 30, 30, 3, true);
INSERT INTO unm_user (user_id, role_id, first_name, last_name, gender, date_of_birth, personal_email, uni_email, phone_number, picture, username, password, address_id, emergency_contact_id, course_id, active_status) VALUES (31, 3, 'Cirilo', 'Fochs', false, '2022-03-03', 'cfochsu@edublogs.org', 'cfochsu@nsw.gov.au', '100-234-1297', 'http://dummyimage.com/219x100.png/ff4444/ffffff', 'igukpv10', 'rhFmXP7fDL', 31, 31, 4, false);
INSERT INTO unm_user (user_id, role_id, first_name, last_name, gender, date_of_birth, personal_email, uni_email, phone_number, picture, username, password, address_id, emergency_contact_id, course_id, active_status) VALUES (32, 2, 'Gilly', 'Kubicki', true, '2021-06-23', 'gkubickiv@webmd.com', 'gkubickiv@opera.com', '877-516-3934', 'http://dummyimage.com/246x100.png/ff4444/ffffff', 'erudgf27', 't6KsI5MDjmv', 32, 32, 3, false);
INSERT INTO unm_user (user_id, role_id, first_name, last_name, gender, date_of_birth, personal_email, uni_email, phone_number, picture, username, password, address_id, emergency_contact_id, course_id, active_status) VALUES (33, 3, 'Lynne', 'Aitkenhead', false, '2021-04-27', 'laitkenheadw@youtube.com', 'laitkenheadw@cisco.com', '235-871-8653', 'http://dummyimage.com/132x100.png/ff4444/ffffff', 'tqnucd56', 'altQrH6bcu', 33, 33, 7, true);
INSERT INTO unm_user (user_id, role_id, first_name, last_name, gender, date_of_birth, personal_email, uni_email, phone_number, picture, username, password, address_id, emergency_contact_id, course_id, active_status) VALUES (34, 3, 'Hollis', 'Edleston', false, '2021-10-14', 'hedlestonx@pbs.org', 'hedlestonx@microsoft.com', '347-619-7891', 'http://dummyimage.com/227x100.png/5fa2dd/ffffff', 'aqcqtb56', 'OfOU7Ggb2tR', 34, 34, 7, false);
INSERT INTO unm_user (user_id, role_id, first_name, last_name, gender, date_of_birth, personal_email, uni_email, phone_number, picture, username, password, address_id, emergency_contact_id, course_id, active_status) VALUES (35, 3, 'Kellina', 'Audritt', true, '2022-01-17', 'kaudritty@ca.gov', 'kaudritty@apple.com', '473-989-9021', 'http://dummyimage.com/155x100.png/ff4444/ffffff', 'uoridj19', 'MS4W3tRq', 35, 35, 7, false);
INSERT INTO unm_user (user_id, role_id, first_name, last_name, gender, date_of_birth, personal_email, uni_email, phone_number, picture, username, password, address_id, emergency_contact_id, course_id, active_status) VALUES (36, 3, 'Agretha', 'Perschke', true, '2021-12-13', 'aperschkez@patch.com', 'aperschkez@naver.com', '895-644-4469', 'http://dummyimage.com/164x100.png/ff4444/ffffff', 'pbhpcv15', 'MXZ3Pp', 36, 36, 2, null);
INSERT INTO unm_user (user_id, role_id, first_name, last_name, gender, date_of_birth, personal_email, uni_email, phone_number, picture, username, password, address_id, emergency_contact_id, course_id, active_status) VALUES (37, 3, 'Kimmie', 'Veck', false, '2022-01-22', 'kveck10@liveinternet.ru', 'kveck10@narod.ru', '258-890-5501', 'http://dummyimage.com/179x100.png/cc0000/ffffff', 'wvwrko93', 'XjlI0cv99z', 37, 37, 7, true);
INSERT INTO unm_user (user_id, role_id, first_name, last_name, gender, date_of_birth, personal_email, uni_email, phone_number, picture, username, password, address_id, emergency_contact_id, course_id, active_status) VALUES (38, 3, 'Brand', 'Consadine', false, '2021-12-06', 'bconsadine11@jimdo.com', 'bconsadine11@phoca.cz', '971-707-7696', 'http://dummyimage.com/188x100.png/ff4444/ffffff', 'bszqqq78', '3jxSbhc', 38, 38, 8, true);
INSERT INTO unm_user (user_id, role_id, first_name, last_name, gender, date_of_birth, personal_email, uni_email, phone_number, picture, username, password, address_id, emergency_contact_id, course_id, active_status) VALUES (39, 4, 'Windham', 'Whaley', false, '2021-10-15', 'wwhaley12@ameblo.jp', 'wwhaley12@netvibes.com', '886-603-9701', 'http://dummyimage.com/127x100.png/cc0000/ffffff', 'epegme45', 'uk1o3LRBCkd', 39, 39, 8, false);
INSERT INTO unm_user (user_id, role_id, first_name, last_name, gender, date_of_birth, personal_email, uni_email, phone_number, picture, username, password, address_id, emergency_contact_id, course_id, active_status) VALUES (40, 3, 'Michell', 'Snasel', false, '2021-05-18', 'msnasel13@apache.org', 'msnasel13@europa.eu', '275-991-2700', 'http://dummyimage.com/188x100.png/cc0000/ffffff', 'pfcqfa05', 'K6E3NsK', 40, 40, 6, true);
INSERT INTO unm_user (user_id, role_id, first_name, last_name, gender, date_of_birth, personal_email, uni_email, phone_number, picture, username, password, address_id, emergency_contact_id, course_id, active_status) VALUES (41, 3, 'Elvina', 'Blatherwick', false, '2021-04-22', 'eblatherwick14@blinklist.com', 'eblatherwick14@histats.com', '905-333-3122', 'http://dummyimage.com/164x100.png/5fa2dd/ffffff', 'yeknur26', 'TxnPlL', 41, 41, 1, true);
INSERT INTO unm_user (user_id, role_id, first_name, last_name, gender, date_of_birth, personal_email, uni_email, phone_number, picture, username, password, address_id, emergency_contact_id, course_id, active_status) VALUES (42, 3, 'Sherri', 'Ostler', true, '2021-04-23', 'sostler15@cmu.edu', 'sostler15@tuttocitta.it', '442-593-2890', 'http://dummyimage.com/177x100.png/ff4444/ffffff', 'kfrbbw62', 'HZkm7wYW0xzp', 42, 42, 8, false);
INSERT INTO unm_user (user_id, role_id, first_name, last_name, gender, date_of_birth, personal_email, uni_email, phone_number, picture, username, password, address_id, emergency_contact_id, course_id, active_status) VALUES (43, 2, 'Alta', 'Kehri', false, '2022-01-17', 'akehri16@technorati.com', 'akehri16@about.me', '488-129-3366', 'http://dummyimage.com/195x100.png/dddddd/000000', 'kcntop69', 'wZsJPk', 43, 43, 3, false);
INSERT INTO unm_user (user_id, role_id, first_name, last_name, gender, date_of_birth, personal_email, uni_email, phone_number, picture, username, password, address_id, emergency_contact_id, course_id, active_status) VALUES (44, 4, 'Conchita', 'Jaggers', false, '2021-03-25', 'cjaggers17@ustream.tv', 'cjaggers17@yolasite.com', '731-812-9952', 'http://dummyimage.com/194x100.png/5fa2dd/ffffff', 'ytcqhf81', 'a6ekFJ4n', 44, 44, 7, false);
INSERT INTO unm_user (user_id, role_id, first_name, last_name, gender, date_of_birth, personal_email, uni_email, phone_number, picture, username, password, address_id, emergency_contact_id, course_id, active_status) VALUES (45, 3, 'Dalis', 'LAbbet', false, '2021-03-20', 'dlabbet18@irs.gov', 'dlabbet18@cisco.com', '408-973-3807', 'http://dummyimage.com/212x100.png/cc0000/ffffff', 'jrokao87', 'dYR4bvXTl', 45, 45, 5, true);
INSERT INTO unm_user (user_id, role_id, first_name, last_name, gender, date_of_birth, personal_email, uni_email, phone_number, picture, username, password, address_id, emergency_contact_id, course_id, active_status) VALUES (46, 3, 'Royce', 'Ebbs', true, '2021-07-15', 'rebbs19@xinhuanet.com', 'rebbs19@diigo.com', '896-506-0072', 'http://dummyimage.com/217x100.png/dddddd/000000', 'lspmmu00', 'RNcIOJ3ERoQ', 46, 46, 1, false);
INSERT INTO unm_user (user_id, role_id, first_name, last_name, gender, date_of_birth, personal_email, uni_email, phone_number, picture, username, password, address_id, emergency_contact_id, course_id, active_status) VALUES (47, 3, 'Wandis', 'Flag', true, '2022-01-09', 'wflag1a@last.fm', 'wflag1a@geocities.jp', '537-848-0281', 'http://dummyimage.com/129x100.png/dddddd/000000', 'wbware90', 'oFkRU2GU', 47, 47, 3, false);
INSERT INTO unm_user (user_id, role_id, first_name, last_name, gender, date_of_birth, personal_email, uni_email, phone_number, picture, username, password, address_id, emergency_contact_id, course_id, active_status) VALUES (48, 4, 'Larissa', 'Cambridge', false, '2021-08-25', 'lcambridge1b@mapquest.com', 'lcambridge1b@webs.com', '428-564-5322', 'http://dummyimage.com/200x100.png/dddddd/000000', 'ojzpoi19', 'QQ4qevF', 48, 48, 2, false);
INSERT INTO unm_user (user_id, role_id, first_name, last_name, gender, date_of_birth, personal_email, uni_email, phone_number, picture, username, password, address_id, emergency_contact_id, course_id, active_status) VALUES (49, 3, 'Hy', 'Retchless', false, '2021-09-06', 'hretchless1c@reuters.com', 'hretchless1c@google.cn', '500-612-8341', 'http://dummyimage.com/110x100.png/dddddd/000000', 'sqmqxg07', 'Kqo2hr', 49, 49, 5, false);
INSERT INTO unm_user (user_id, role_id, first_name, last_name, gender, date_of_birth, personal_email, uni_email, phone_number, picture, username, password, address_id, emergency_contact_id, course_id, active_status) VALUES (50, 4, 'Ivor', 'Lachaize', false, '2021-06-28', 'ilachaize1d@timesonline.co.uk', 'ilachaize1d@alibaba.com', '964-252-0877', 'http://dummyimage.com/199x100.png/cc0000/ffffff', 'hjmcau96', 'gmEzgWz', 50, 50, 4, true);

